area_conhecimento;sub_area;cod_preferencia
CURSOS NAO PRIORITARIOS;CIÊNCIAS BIOLÓGICAS (BEL)  BIOMEDICINA  BIOTECNOLOGIA E CURSOS RELACIONADOS;118659
CURSOS NAO PRIORITARIOS;ADMINISTRAÇÃO  ADMINISTRAÇÃO PÚBLICA  GESTÃO  LOGÍSTICA  NEGÓCIOS E CURSOS RELACIONADOS;118899
CURSOS NAO PRIORITARIOS;ADMINISTRAÇÃO  ADMINISTRAÇÃO PÚBLICA  GESTÃO  LOGÍSTICA  NEGÓCIOS E CURSOS RELACIONADOS;119104
CURSOS DA ÁREA DE LICENCIATURA PEDAGOGIA E NORMAL SUPERIOR;PEDAGOGIA;120964
CURSOS NAO PRIORITARIOS;ADMINISTRAÇÃO  ADMINISTRAÇÃO PÚBLICA  GESTÃO  LOGÍSTICA  NEGÓCIOS E CURSOS RELACIONADOS;121354
CURSOS DA AREA DE SAUDE;SERVIÇO SOCIAL  FONOAUDIOLOGIA  TERAPIA OCUPACIONAL E CURSOS RELACIONADOS;120924
CURSOS DA ÁREA DE ENGENHARIA E CIÊNCIA DA COMPUTAÇÃO;ENGENHARIA ELÉTRICA  ELETRÔNICA  DA COMPUTAÇÃO E CURSOS RELACIONADOS;117966
CURSOS DA AREA DE SAUDE;ENFERMAGEM  FISIOTERAPIA  FARMÁCIA  NUTRIÇÃO E CURSOS RELACIONADOS;120919
CURSOS NAO PRIORITARIOS;ADMINISTRAÇÃO  ADMINISTRAÇÃO PÚBLICA  GESTÃO  LOGÍSTICA  NEGÓCIOS E CURSOS RELACIONADOS;121441
CURSOS DA ÁREA DE LICENCIATURA PEDAGOGIA E NORMAL SUPERIOR;HISTÓRIA (LIC)  GEOGRAFIA (LIC)  EDUCAÇÃO FÍSICA (LIC) E CURSOS RELACIONADOS;120958
CURSOS NAO PRIORITARIOS;DIREITO  COMÉRCIO EXTERIOR  BIBLIOTECONOMIA E CURSOS RELACIONADOS;117997
CURSOS DA ÁREA DE ENGENHARIA E CIÊNCIA DA COMPUTAÇÃO;ENGENHARIA CIVIL E AMBIENTAL  ARQUITETURA E CURSOS RELACIONADOS;122072
CURSOS DA AREA DE SAUDE;ENFERMAGEM  FISIOTERAPIA  FARMÁCIA  NUTRIÇÃO E CURSOS RELACIONADOS;120240
CURSOS DA AREA DE SAUDE;ENFERMAGEM  FISIOTERAPIA  FARMÁCIA  NUTRIÇÃO E CURSOS RELACIONADOS;122194
CURSOS DA AREA DE SAUDE;ENFERMAGEM  FISIOTERAPIA  FARMÁCIA  NUTRIÇÃO E CURSOS RELACIONADOS;118975
CURSOS DA ÁREA DE ENGENHARIA E CIÊNCIA DA COMPUTAÇÃO;ENGENHARIA MECÂNICA  AERONÁUTICA  NAVAL E CURSOS RELACIONADOS;119258
CURSOS NAO PRIORITARIOS;ADMINISTRAÇÃO  ADMINISTRAÇÃO PÚBLICA  GESTÃO  LOGÍSTICA  NEGÓCIOS E CURSOS RELACIONADOS;120998
CURSOS NAO PRIORITARIOS;ADMINISTRAÇÃO  ADMINISTRAÇÃO PÚBLICA  GESTÃO  LOGÍSTICA  NEGÓCIOS E CURSOS RELACIONADOS;120999
CURSOS NAO PRIORITARIOS;MÚSICA  FOTOGRAFIA  PRODUÇÃO MULTIMÍDIA E CURSOS RELACIONADOS;120978
CURSOS NAO PRIORITARIOS;CIÊNCIAS SOCIAIS  POLÍTICAS  ECONÔMICAS E CONTÁBEIS  PSICOLOGIA E SECRETARIADO;121645
CURSOS DA ÁREA DE LICENCIATURA PEDAGOGIA E NORMAL SUPERIOR;HISTÓRIA (LIC)  GEOGRAFIA (LIC)  EDUCAÇÃO FÍSICA (LIC) E CURSOS RELACIONADOS;119722
CURSOS DA ÁREA DE ENGENHARIA E CIÊNCIA DA COMPUTAÇÃO;ENGENHARIA DE PRODUÇÃO  DE MATERIAIS E CURSOS RELACIONADOS;120250
CURSOS DA ÁREA DE LICENCIATURA PEDAGOGIA E NORMAL SUPERIOR;PEDAGOGIA;120280
CURSOS NAO PRIORITARIOS;MEDICINA VETERINÁRIA;119291
CURSOS DA ÁREA DE ENGENHARIA E CIÊNCIA DA COMPUTAÇÃO;ENGENHARIA ELÉTRICA  ELETRÔNICA  DA COMPUTAÇÃO E CURSOS RELACIONADOS;120938
CURSOS NAO PRIORITARIOS;CIÊNCIAS SOCIAIS  POLÍTICAS  ECONÔMICAS E CONTÁBEIS  PSICOLOGIA E SECRETARIADO;118298
CURSOS DA AREA DE SAUDE;ENFERMAGEM  FISIOTERAPIA  FARMÁCIA  NUTRIÇÃO E CURSOS RELACIONADOS;119443
CURSOS DA ÁREA DE ENGENHARIA E CIÊNCIA DA COMPUTAÇÃO;ENGENHARIA MECÂNICA  AERONÁUTICA  NAVAL E CURSOS RELACIONADOS;118818
CURSOS NAO PRIORITARIOS;CIÊNCIAS SOCIAIS  POLÍTICAS  ECONÔMICAS E CONTÁBEIS  PSICOLOGIA E SECRETARIADO;121833
CURSOS DA ÁREA DE ENGENHARIA E CIÊNCIA DA COMPUTAÇÃO;ENGENHARIA MECÂNICA  AERONÁUTICA  NAVAL E CURSOS RELACIONADOS;120936
CURSOS NAO PRIORITARIOS;COMUNICAÇÃO SOCIAL  JORNALISMO  PUBLICIDADE  MARKETING E CURSOS RELACIONADOS;118108
CURSOS DA AREA DE SAUDE;ENFERMAGEM  FISIOTERAPIA  FARMÁCIA  NUTRIÇÃO E CURSOS RELACIONADOS;119142
CURSOS NAO PRIORITARIOS;ADMINISTRAÇÃO  ADMINISTRAÇÃO PÚBLICA  GESTÃO  LOGÍSTICA  NEGÓCIOS E CURSOS RELACIONADOS;119212
CURSOS NAO PRIORITARIOS;COMUNICAÇÃO SOCIAL  JORNALISMO  PUBLICIDADE  MARKETING E CURSOS RELACIONADOS;120298
CURSOS NAO PRIORITARIOS;DIREITO  COMÉRCIO EXTERIOR  BIBLIOTECONOMIA E CURSOS RELACIONADOS;119899
CURSOS DA ÁREA DE LICENCIATURA PEDAGOGIA E NORMAL SUPERIOR;PEDAGOGIA;120628
CURSOS NAO PRIORITARIOS;CIÊNCIAS BIOLÓGICAS (BEL)  BIOMEDICINA  BIOTECNOLOGIA E CURSOS RELACIONADOS;117886
CURSOS DA ÁREA DE ENGENHARIA E CIÊNCIA DA COMPUTAÇÃO;ENGENHARIA ELÉTRICA  ELETRÔNICA  DA COMPUTAÇÃO E CURSOS RELACIONADOS;118381
CURSOS DA ÁREA DE ENGENHARIA E CIÊNCIA DA COMPUTAÇÃO;ENGENHARIA ELÉTRICA  ELETRÔNICA  DA COMPUTAÇÃO E CURSOS RELACIONADOS;120260
CURSOS DA ÁREA DE ENGENHARIA E CIÊNCIA DA COMPUTAÇÃO;ENGENHARIA CIVIL E AMBIENTAL  ARQUITETURA E CURSOS RELACIONADOS;120945
CURSOS NAO PRIORITARIOS;CIÊNCIAS BIOLÓGICAS (BEL)  BIOMEDICINA  BIOTECNOLOGIA E CURSOS RELACIONADOS;119756
CURSOS NAO PRIORITARIOS;DIREITO  COMÉRCIO EXTERIOR  BIBLIOTECONOMIA E CURSOS RELACIONADOS;120641
CURSOS NAO PRIORITARIOS;DANÇA  TEOLOGIA  MÍDIAS SOCIAIS  DESIGN DE INTERIORES E CURSOS RELACIONADOS;118565
CURSOS NAO PRIORITARIOS;CIÊNCIAS SOCIAIS  POLÍTICAS  ECONÔMICAS E CONTÁBEIS  PSICOLOGIA E SECRETARIADO;118299
CURSOS DA ÁREA DE ENGENHARIA E CIÊNCIA DA COMPUTAÇÃO;ENGENHARIA DE PRODUÇÃO  DE MATERIAIS E CURSOS RELACIONADOS;117962
CURSOS NAO PRIORITARIOS;COMUNICAÇÃO SOCIAL  JORNALISMO  PUBLICIDADE  MARKETING E CURSOS RELACIONADOS;119016
CURSOS DA ÁREA DE ENGENHARIA E CIÊNCIA DA COMPUTAÇÃO;ENGENHARIA DE PRODUÇÃO  DE MATERIAIS E CURSOS RELACIONADOS;118443
CURSOS DA ÁREA DE ENGENHARIA E CIÊNCIA DA COMPUTAÇÃO;ENGENHARIA CIVIL E AMBIENTAL  ARQUITETURA E CURSOS RELACIONADOS;119713
CURSOS NAO PRIORITARIOS;CIÊNCIAS SOCIAIS  POLÍTICAS  ECONÔMICAS E CONTÁBEIS  PSICOLOGIA E SECRETARIADO;120992
CURSOS NAO PRIORITARIOS;DIREITO  COMÉRCIO EXTERIOR  BIBLIOTECONOMIA E CURSOS RELACIONADOS;118653
CURSOS DA ÁREA DE ENGENHARIA E CIÊNCIA DA COMPUTAÇÃO;ENGENHARIA CIVIL E AMBIENTAL  ARQUITETURA E CURSOS RELACIONADOS;119377
CURSOS NAO PRIORITARIOS;CIÊNCIAS BIOLÓGICAS (BEL)  BIOMEDICINA  BIOTECNOLOGIA E CURSOS RELACIONADOS;121995
CURSOS DA AREA DE SAUDE;ODONTOLOGIA  QUIROPRAXIA  FÍSICA MÉDICA E NATUROLOGIA;118317
CURSOS DA ÁREA DE ENGENHARIA E CIÊNCIA DA COMPUTAÇÃO;CIÊNCIA DA COMPUTAÇÃO E SISTEMAS DE INFORMAÇÃO E CURSOS RELACIONADOS;118536
CURSOS DA ÁREA DE LICENCIATURA PEDAGOGIA E NORMAL SUPERIOR;ARTES  CIÊNCIAS SOCIAIS E CURSOS RELACIONADOS;121730
CURSOS NAO PRIORITARIOS;ADMINISTRAÇÃO  ADMINISTRAÇÃO PÚBLICA  GESTÃO  LOGÍSTICA  NEGÓCIOS E CURSOS RELACIONADOS;119642
CURSOS NAO PRIORITARIOS;CIÊNCIAS SOCIAIS  POLÍTICAS  ECONÔMICAS E CONTÁBEIS  PSICOLOGIA E SECRETARIADO;119408
CURSOS DA ÁREA DE LICENCIATURA PEDAGOGIA E NORMAL SUPERIOR;HISTÓRIA (LIC)  GEOGRAFIA (LIC)  EDUCAÇÃO FÍSICA (LIC) E CURSOS RELACIONADOS;117979
CURSOS DA AREA DE SAUDE;SERVIÇO SOCIAL  FONOAUDIOLOGIA  TERAPIA OCUPACIONAL E CURSOS RELACIONADOS;122198
CURSOS NAO PRIORITARIOS;CIÊNCIAS SOCIAIS  POLÍTICAS  ECONÔMICAS E CONTÁBEIS  PSICOLOGIA E SECRETARIADO;121491
CURSOS NAO PRIORITARIOS;ADMINISTRAÇÃO  ADMINISTRAÇÃO PÚBLICA  GESTÃO  LOGÍSTICA  NEGÓCIOS E CURSOS RELACIONADOS;119641
CURSOS DA ÁREA DE ENGENHARIA E CIÊNCIA DA COMPUTAÇÃO;ENGENHARIA ELÉTRICA  ELETRÔNICA  DA COMPUTAÇÃO E CURSOS RELACIONADOS;120940
CURSOS DA ÁREA DE ENGENHARIA E CIÊNCIA DA COMPUTAÇÃO;ENGENHARIA DE PRODUÇÃO  DE MATERIAIS E CURSOS RELACIONADOS;119364
CURSOS NAO PRIORITARIOS;CIÊNCIAS BIOLÓGICAS (BEL)  BIOMEDICINA  BIOTECNOLOGIA E CURSOS RELACIONADOS;118009
CURSOS DA AREA DE SAUDE;ENFERMAGEM  FISIOTERAPIA  FARMÁCIA  NUTRIÇÃO E CURSOS RELACIONADOS;118024
CURSOS DA AREA DE SAUDE;ENFERMAGEM  FISIOTERAPIA  FARMÁCIA  NUTRIÇÃO E CURSOS RELACIONADOS;119687
CURSOS NAO PRIORITARIOS;COMUNICAÇÃO  DESIGN  AUDIO VISUAL E CURSOS RELACIONADOS;120966
CURSOS NAO PRIORITARIOS;COMUNICAÇÃO SOCIAL  JORNALISMO  PUBLICIDADE  MARKETING E CURSOS RELACIONADOS;120986
CURSOS NAO PRIORITARIOS;DIREITO  COMÉRCIO EXTERIOR  BIBLIOTECONOMIA E CURSOS RELACIONADOS;119330
CURSOS DA AREA DE SAUDE;ENFERMAGEM  FISIOTERAPIA  FARMÁCIA  NUTRIÇÃO E CURSOS RELACIONADOS;118974
CURSOS DA ÁREA DE ENGENHARIA E CIÊNCIA DA COMPUTAÇÃO;CIÊNCIA DA COMPUTAÇÃO E SISTEMAS DE INFORMAÇÃO E CURSOS RELACIONADOS;119146
CURSOS DA ÁREA DE ENGENHARIA E CIÊNCIA DA COMPUTAÇÃO;ENGENHARIA MECÂNICA  AERONÁUTICA  NAVAL E CURSOS RELACIONADOS;118444
CURSOS DA ÁREA DE ENGENHARIA E CIÊNCIA DA COMPUTAÇÃO;ENGENHARIA CIVIL E AMBIENTAL  ARQUITETURA E CURSOS RELACIONADOS;120687
CURSOS NAO PRIORITARIOS;ESTÉTICA E COSMÉTICA  GESTÃO DO ESPORTE E CURSOS RELACIONADOS;120713
CURSOS DA ÁREA DE ENGENHARIA E CIÊNCIA DA COMPUTAÇÃO;ENGENHARIA ELÉTRICA  ELETRÔNICA  DA COMPUTAÇÃO E CURSOS RELACIONADOS;119261
CURSOS NAO PRIORITARIOS;CIÊNCIAS SOCIAIS  POLÍTICAS  ECONÔMICAS E CONTÁBEIS  PSICOLOGIA E SECRETARIADO;121562
CURSOS DA AREA DE SAUDE;ENFERMAGEM  FISIOTERAPIA  FARMÁCIA  NUTRIÇÃO E CURSOS RELACIONADOS;120441
CURSOS DA AREA DE SAUDE;ENFERMAGEM  FISIOTERAPIA  FARMÁCIA  NUTRIÇÃO E CURSOS RELACIONADOS;121619
CURSOS DA ÁREA DE ENGENHARIA E CIÊNCIA DA COMPUTAÇÃO;ENGENHARIA ELÉTRICA  ELETRÔNICA  DA COMPUTAÇÃO E CURSOS RELACIONADOS;117968
CURSOS NAO PRIORITARIOS;CIÊNCIAS SOCIAIS  POLÍTICAS  ECONÔMICAS E CONTÁBEIS  PSICOLOGIA E SECRETARIADO;120826
CURSOS DA ÁREA DE LICENCIATURA PEDAGOGIA E NORMAL SUPERIOR;PEDAGOGIA;119548
CURSOS DA ÁREA DE ENGENHARIA E CIÊNCIA DA COMPUTAÇÃO;ENGENHARIA ELÉTRICA  ELETRÔNICA  DA COMPUTAÇÃO E CURSOS RELACIONADOS;119491
CURSOS NAO PRIORITARIOS;ESTÉTICA E COSMÉTICA  GESTÃO DO ESPORTE E CURSOS RELACIONADOS;120545
CURSOS DA AREA DE SAUDE;SERVIÇO SOCIAL  FONOAUDIOLOGIA  TERAPIA OCUPACIONAL E CURSOS RELACIONADOS;118073
CURSOS DA ÁREA DE LICENCIATURA PEDAGOGIA E NORMAL SUPERIOR;HISTÓRIA (LIC)  GEOGRAFIA (LIC)  EDUCAÇÃO FÍSICA (LIC) E CURSOS RELACIONADOS;120489
CURSOS NAO PRIORITARIOS;COMUNICAÇÃO SOCIAL  JORNALISMO  PUBLICIDADE  MARKETING E CURSOS RELACIONADOS;121748
CURSOS NAO PRIORITARIOS;ADMINISTRAÇÃO  ADMINISTRAÇÃO PÚBLICA  GESTÃO  LOGÍSTICA  NEGÓCIOS E CURSOS RELACIONADOS;120997
CURSOS DA ÁREA DE ENGENHARIA E CIÊNCIA DA COMPUTAÇÃO;CIÊNCIA DA COMPUTAÇÃO E SISTEMAS DE INFORMAÇÃO E CURSOS RELACIONADOS;122200
CURSOS DA AREA DE SAUDE;ENFERMAGEM  FISIOTERAPIA  FARMÁCIA  NUTRIÇÃO E CURSOS RELACIONADOS;121676
CURSOS DA ÁREA DE ENGENHARIA E CIÊNCIA DA COMPUTAÇÃO;ENGENHARIA DE PRODUÇÃO  DE MATERIAIS E CURSOS RELACIONADOS;120252
CURSOS DA ÁREA DE ENGENHARIA E CIÊNCIA DA COMPUTAÇÃO;CIÊNCIA DA COMPUTAÇÃO E SISTEMAS DE INFORMAÇÃO E CURSOS RELACIONADOS;120927
CURSOS DA AREA DE SAUDE;ENFERMAGEM  FISIOTERAPIA  FARMÁCIA  NUTRIÇÃO E CURSOS RELACIONADOS;118700
CURSOS DA ÁREA DE ENGENHARIA E CIÊNCIA DA COMPUTAÇÃO;ENGENHARIA ELÉTRICA  ELETRÔNICA  DA COMPUTAÇÃO E CURSOS RELACIONADOS;120939
CURSOS NAO PRIORITARIOS;COMUNICAÇÃO SOCIAL  JORNALISMO  PUBLICIDADE  MARKETING E CURSOS RELACIONADOS;119847
CURSOS NAO PRIORITARIOS;CIÊNCIAS BIOLÓGICAS (BEL)  BIOMEDICINA  BIOTECNOLOGIA E CURSOS RELACIONADOS;121000
CURSOS DA ÁREA DE ENGENHARIA E CIÊNCIA DA COMPUTAÇÃO;ENGENHARIA CIVIL E AMBIENTAL  ARQUITETURA E CURSOS RELACIONADOS;121820
CURSOS DA AREA DE SAUDE;ENFERMAGEM  FISIOTERAPIA  FARMÁCIA  NUTRIÇÃO E CURSOS RELACIONADOS;120199
CURSOS NAO PRIORITARIOS;HOTELARIA E TURISMO  GASTRONOMIA E CURSOS RELACIONADOS;120320
CURSOS NAO PRIORITARIOS;MODA  DESENHO INDUSTRIAL  MUSEOLOGIA  CINEMA E CURSOS RELACIONADOS;121525
CURSOS NAO PRIORITARIOS;CIÊNCIAS SOCIAIS  POLÍTICAS  ECONÔMICAS E CONTÁBEIS  PSICOLOGIA E SECRETARIADO;120498
CURSOS DA ÁREA DE ENGENHARIA E CIÊNCIA DA COMPUTAÇÃO;ENGENHARIA CIVIL E AMBIENTAL  ARQUITETURA E CURSOS RELACIONADOS;120264
CURSOS NAO PRIORITARIOS;ADMINISTRAÇÃO  ADMINISTRAÇÃO PÚBLICA  GESTÃO  LOGÍSTICA  NEGÓCIOS E CURSOS RELACIONADOS;119991
CURSOS NAO PRIORITARIOS;ADMINISTRAÇÃO  ADMINISTRAÇÃO PÚBLICA  GESTÃO  LOGÍSTICA  NEGÓCIOS E CURSOS RELACIONADOS;118734
CURSOS NAO PRIORITARIOS;CIÊNCIAS SOCIAIS  POLÍTICAS  ECONÔMICAS E CONTÁBEIS  PSICOLOGIA E SECRETARIADO;117881
CURSOS NAO PRIORITARIOS;COMUNICAÇÃO SOCIAL  JORNALISMO  PUBLICIDADE  MARKETING E CURSOS RELACIONADOS;120987
CURSOS NAO PRIORITARIOS;ADMINISTRAÇÃO  ADMINISTRAÇÃO PÚBLICA  GESTÃO  LOGÍSTICA  NEGÓCIOS E CURSOS RELACIONADOS;120770
CURSOS DA ÁREA DE ENGENHARIA E CIÊNCIA DA COMPUTAÇÃO;ENGENHARIA CIVIL E AMBIENTAL  ARQUITETURA E CURSOS RELACIONADOS;119618
CURSOS NAO PRIORITARIOS;ADMINISTRAÇÃO  ADMINISTRAÇÃO PÚBLICA  GESTÃO  LOGÍSTICA  NEGÓCIOS E CURSOS RELACIONADOS;120888
CURSOS DA ÁREA DE ENGENHARIA E CIÊNCIA DA COMPUTAÇÃO;CIÊNCIA DA COMPUTAÇÃO E SISTEMAS DE INFORMAÇÃO E CURSOS RELACIONADOS;120929
CURSOS NAO PRIORITARIOS;CIÊNCIAS SOCIAIS  POLÍTICAS  ECONÔMICAS E CONTÁBEIS  PSICOLOGIA E SECRETARIADO;120885
CURSOS DA AREA DE SAUDE;ENFERMAGEM  FISIOTERAPIA  FARMÁCIA  NUTRIÇÃO E CURSOS RELACIONADOS;118618
CURSOS DA AREA DE SAUDE;ODONTOLOGIA  QUIROPRAXIA  FÍSICA MÉDICA E NATUROLOGIA;122048
CURSOS DA AREA DE SAUDE;MEDICINA;120912
CURSOS DA ÁREA DE ENGENHARIA E CIÊNCIA DA COMPUTAÇÃO;ENGENHARIA QUÍMICA  DE ALIMENTOS  DE PETRÓLEO E CURSOS RELACIONADOS;119711
CURSOS DA AREA DE SAUDE;ENFERMAGEM  FISIOTERAPIA  FARMÁCIA  NUTRIÇÃO E CURSOS RELACIONADOS;119351
CURSOS DA ÁREA DE LICENCIATURA PEDAGOGIA E NORMAL SUPERIOR;LETRAS - IDIOMAS  FÍSICA (LIC)  QUÍMICA (LIC) E CURSOS RELACIONADOS;119160
CURSOS DA ÁREA DE ENGENHARIA E CIÊNCIA DA COMPUTAÇÃO;ENGENHARIA ELÉTRICA  ELETRÔNICA  DA COMPUTAÇÃO E CURSOS RELACIONADOS;119708
CURSOS DA ÁREA DE ENGENHARIA E CIÊNCIA DA COMPUTAÇÃO;ENGENHARIA ELÉTRICA  ELETRÔNICA  DA COMPUTAÇÃO E CURSOS RELACIONADOS;119314
CURSOS NAO PRIORITARIOS;DIREITO  COMÉRCIO EXTERIOR  BIBLIOTECONOMIA E CURSOS RELACIONADOS;120640
CURSOS DA ÁREA DE ENGENHARIA E CIÊNCIA DA COMPUTAÇÃO;ENGENHARIA CIVIL E AMBIENTAL  ARQUITETURA E CURSOS RELACIONADOS;119265
CURSOS DA ÁREA DE ENGENHARIA E CIÊNCIA DA COMPUTAÇÃO;ENGENHARIA CIVIL E AMBIENTAL  ARQUITETURA E CURSOS RELACIONADOS;120946
CURSOS NAO PRIORITARIOS;DIREITO  COMÉRCIO EXTERIOR  BIBLIOTECONOMIA E CURSOS RELACIONADOS;118294
CURSOS NAO PRIORITARIOS;ADMINISTRAÇÃO  ADMINISTRAÇÃO PÚBLICA  GESTÃO  LOGÍSTICA  NEGÓCIOS E CURSOS RELACIONADOS;122243
CURSOS DA ÁREA DE ENGENHARIA E CIÊNCIA DA COMPUTAÇÃO;ENGENHARIA DE PRODUÇÃO  DE MATERIAIS E CURSOS RELACIONADOS;120931
CURSOS NAO PRIORITARIOS;DIREITO  COMÉRCIO EXTERIOR  BIBLIOTECONOMIA E CURSOS RELACIONADOS;121531
CURSOS NAO PRIORITARIOS;COMUNICAÇÃO  DESIGN  AUDIO VISUAL E CURSOS RELACIONADOS;120284
CURSOS NAO PRIORITARIOS;CIÊNCIAS SOCIAIS  POLÍTICAS  ECONÔMICAS E CONTÁBEIS  PSICOLOGIA E SECRETARIADO;120994
CURSOS NAO PRIORITARIOS;ADMINISTRAÇÃO  ADMINISTRAÇÃO PÚBLICA  GESTÃO  LOGÍSTICA  NEGÓCIOS E CURSOS RELACIONADOS;122147
CURSOS DA ÁREA DE LICENCIATURA PEDAGOGIA E NORMAL SUPERIOR;PEDAGOGIA;118499
CURSOS DA ÁREA DE ENGENHARIA E CIÊNCIA DA COMPUTAÇÃO;ENGENHARIA CIVIL E AMBIENTAL  ARQUITETURA E CURSOS RELACIONADOS;120947
CURSOS NAO PRIORITARIOS;ADMINISTRAÇÃO  ADMINISTRAÇÃO PÚBLICA  GESTÃO  LOGÍSTICA  NEGÓCIOS E CURSOS RELACIONADOS;120538
CURSOS NAO PRIORITARIOS;ADMINISTRAÇÃO  ADMINISTRAÇÃO PÚBLICA  GESTÃO  LOGÍSTICA  NEGÓCIOS E CURSOS RELACIONADOS;120649
CURSOS NAO PRIORITARIOS;ESTÉTICA E COSMÉTICA  GESTÃO DO ESPORTE E CURSOS RELACIONADOS;117929
CURSOS NAO PRIORITARIOS;CIÊNCIAS SOCIAIS  POLÍTICAS  ECONÔMICAS E CONTÁBEIS  PSICOLOGIA E SECRETARIADO;118001
CURSOS NAO PRIORITARIOS;MEDICINA VETERINÁRIA;120836
CURSOS DA AREA DE SAUDE;SERVIÇO SOCIAL  FONOAUDIOLOGIA  TERAPIA OCUPACIONAL E CURSOS RELACIONADOS;118262
CURSOS NAO PRIORITARIOS;CIÊNCIAS BIOLÓGICAS (BEL)  BIOMEDICINA  BIOTECNOLOGIA E CURSOS RELACIONADOS;121044
CURSOS DA AREA DE SAUDE;ENFERMAGEM  FISIOTERAPIA  FARMÁCIA  NUTRIÇÃO E CURSOS RELACIONADOS;118619
CURSOS DA ÁREA DE ENGENHARIA E CIÊNCIA DA COMPUTAÇÃO;ENGENHARIA ELÉTRICA  ELETRÔNICA  DA COMPUTAÇÃO E CURSOS RELACIONADOS;120795
CURSOS NAO PRIORITARIOS;MEDICINA VETERINÁRIA;120507
CURSOS DA AREA DE SAUDE;SERVIÇO SOCIAL  FONOAUDIOLOGIA  TERAPIA OCUPACIONAL E CURSOS RELACIONADOS;121965
CURSOS NAO PRIORITARIOS;CIÊNCIAS SOCIAIS  POLÍTICAS  ECONÔMICAS E CONTÁBEIS  PSICOLOGIA E SECRETARIADO;118368
CURSOS DA AREA DE SAUDE;SERVIÇO SOCIAL  FONOAUDIOLOGIA  TERAPIA OCUPACIONAL E CURSOS RELACIONADOS;118530
CURSOS NAO PRIORITARIOS;ADMINISTRAÇÃO  ADMINISTRAÇÃO PÚBLICA  GESTÃO  LOGÍSTICA  NEGÓCIOS E CURSOS RELACIONADOS;120098
CURSOS NAO PRIORITARIOS;CIÊNCIAS BIOLÓGICAS (BEL)  BIOMEDICINA  BIOTECNOLOGIA E CURSOS RELACIONADOS;121001
CURSOS NAO PRIORITARIOS;AGRONOMIA  ZOOTECNIA  ENGENHARIA FLORESTAL E CURSOS RELACIONADOS;120434
CURSOS NAO PRIORITARIOS;ADMINISTRAÇÃO  ADMINISTRAÇÃO PÚBLICA  GESTÃO  LOGÍSTICA  NEGÓCIOS E CURSOS RELACIONADOS;122149
CURSOS DA ÁREA DE ENGENHARIA E CIÊNCIA DA COMPUTAÇÃO;CIÊNCIA DA COMPUTAÇÃO E SISTEMAS DE INFORMAÇÃO E CURSOS RELACIONADOS;119446
CURSOS NAO PRIORITARIOS;DIREITO  COMÉRCIO EXTERIOR  BIBLIOTECONOMIA E CURSOS RELACIONADOS;121347
CURSOS DA ÁREA DE ENGENHARIA E CIÊNCIA DA COMPUTAÇÃO;CIÊNCIA DA COMPUTAÇÃO E SISTEMAS DE INFORMAÇÃO E CURSOS RELACIONADOS;121254
CURSOS NAO PRIORITARIOS;ADMINISTRAÇÃO  ADMINISTRAÇÃO PÚBLICA  GESTÃO  LOGÍSTICA  NEGÓCIOS E CURSOS RELACIONADOS;120366
CURSOS NAO PRIORITARIOS;CIÊNCIAS BIOLÓGICAS (BEL)  BIOMEDICINA  BIOTECNOLOGIA E CURSOS RELACIONADOS;121002
CURSOS NAO PRIORITARIOS;CIÊNCIAS SOCIAIS  POLÍTICAS  ECONÔMICAS E CONTÁBEIS  PSICOLOGIA E SECRETARIADO;120304
CURSOS DA ÁREA DE ENGENHARIA E CIÊNCIA DA COMPUTAÇÃO;CIÊNCIA DA COMPUTAÇÃO E SISTEMAS DE INFORMAÇÃO E CURSOS RELACIONADOS;121715
CURSOS NAO PRIORITARIOS;CIÊNCIAS SOCIAIS  POLÍTICAS  ECONÔMICAS E CONTÁBEIS  PSICOLOGIA E SECRETARIADO;121351
CURSOS NAO PRIORITARIOS;ADMINISTRAÇÃO  ADMINISTRAÇÃO PÚBLICA  GESTÃO  LOGÍSTICA  NEGÓCIOS E CURSOS RELACIONADOS;119287
CURSOS DA ÁREA DE ENGENHARIA E CIÊNCIA DA COMPUTAÇÃO;ENGENHARIA MECÂNICA  AERONÁUTICA  NAVAL E CURSOS RELACIONADOS;119704
CURSOS NAO PRIORITARIOS;CIÊNCIAS SOCIAIS  POLÍTICAS  ECONÔMICAS E CONTÁBEIS  PSICOLOGIA E SECRETARIADO;120644
CURSOS NAO PRIORITARIOS;DIREITO  COMÉRCIO EXTERIOR  BIBLIOTECONOMIA E CURSOS RELACIONADOS;119133
CURSOS NAO PRIORITARIOS;COMUNICAÇÃO SOCIAL  JORNALISMO  PUBLICIDADE  MARKETING E CURSOS RELACIONADOS;119402
CURSOS NAO PRIORITARIOS;DIREITO  COMÉRCIO EXTERIOR  BIBLIOTECONOMIA E CURSOS RELACIONADOS;122098
CURSOS DA AREA DE SAUDE;ENFERMAGEM  FISIOTERAPIA  FARMÁCIA  NUTRIÇÃO E CURSOS RELACIONADOS;118069
CURSOS DA AREA DE SAUDE;SERVIÇO SOCIAL  FONOAUDIOLOGIA  TERAPIA OCUPACIONAL E CURSOS RELACIONADOS;122199
CURSOS NAO PRIORITARIOS;DIREITO  COMÉRCIO EXTERIOR  BIBLIOTECONOMIA E CURSOS RELACIONADOS;118111
CURSOS NAO PRIORITARIOS;DIREITO  COMÉRCIO EXTERIOR  BIBLIOTECONOMIA E CURSOS RELACIONADOS;120824
CURSOS NAO PRIORITARIOS;ADMINISTRAÇÃO  ADMINISTRAÇÃO PÚBLICA  GESTÃO  LOGÍSTICA  NEGÓCIOS E CURSOS RELACIONADOS;118300
CURSOS NAO PRIORITARIOS;ESTÉTICA E COSMÉTICA  GESTÃO DO ESPORTE E CURSOS RELACIONADOS;121018
CURSOS NAO PRIORITARIOS;COMUNICAÇÃO SOCIAL  JORNALISMO  PUBLICIDADE  MARKETING E CURSOS RELACIONADOS;121558
CURSOS NAO PRIORITARIOS;COMUNICAÇÃO  DESIGN  AUDIO VISUAL E CURSOS RELACIONADOS;122087
CURSOS DA AREA DE SAUDE;SERVIÇO SOCIAL  FONOAUDIOLOGIA  TERAPIA OCUPACIONAL E CURSOS RELACIONADOS;119307
CURSOS NAO PRIORITARIOS;HOTELARIA E TURISMO  GASTRONOMIA E CURSOS RELACIONADOS;121614
CURSOS DA ÁREA DE ENGENHARIA E CIÊNCIA DA COMPUTAÇÃO;CIÊNCIA DA COMPUTAÇÃO E SISTEMAS DE INFORMAÇÃO E CURSOS RELACIONADOS;118535
CURSOS DA ÁREA DE LICENCIATURA PEDAGOGIA E NORMAL SUPERIOR;PEDAGOGIA;120724
CURSOS DA ÁREA DE LICENCIATURA PEDAGOGIA E NORMAL SUPERIOR;PEDAGOGIA;118723
CURSOS DA AREA DE SAUDE;ENFERMAGEM  FISIOTERAPIA  FARMÁCIA  NUTRIÇÃO E CURSOS RELACIONADOS;120051
CURSOS DA ÁREA DE ENGENHARIA E CIÊNCIA DA COMPUTAÇÃO;ENGENHARIA CIVIL E AMBIENTAL  ARQUITETURA E CURSOS RELACIONADOS;118552
CURSOS NAO PRIORITARIOS;DIREITO  COMÉRCIO EXTERIOR  BIBLIOTECONOMIA E CURSOS RELACIONADOS;118730
CURSOS DA ÁREA DE LICENCIATURA PEDAGOGIA E NORMAL SUPERIOR;BIOLOGIA (LIC)  MATEMÁTICA (LIC)  LETRAS-PORTUGUÊS E CURSOS RELACIONADOS;120276
CURSOS NAO PRIORITARIOS;ADMINISTRAÇÃO  ADMINISTRAÇÃO PÚBLICA  GESTÃO  LOGÍSTICA  NEGÓCIOS E CURSOS RELACIONADOS;122106
CURSOS NAO PRIORITARIOS;CIÊNCIAS SOCIAIS  POLÍTICAS  ECONÔMICAS E CONTÁBEIS  PSICOLOGIA E SECRETARIADO;118684
CURSOS DA ÁREA DE ENGENHARIA E CIÊNCIA DA COMPUTAÇÃO;ENGENHARIA CIVIL E AMBIENTAL  ARQUITETURA E CURSOS RELACIONADOS;119375
CURSOS DA AREA DE SAUDE;ENFERMAGEM  FISIOTERAPIA  FARMÁCIA  NUTRIÇÃO E CURSOS RELACIONADOS;119304
CURSOS DA AREA DE SAUDE;SERVIÇO SOCIAL  FONOAUDIOLOGIA  TERAPIA OCUPACIONAL E CURSOS RELACIONADOS;118704
CURSOS NAO PRIORITARIOS;ADMINISTRAÇÃO  ADMINISTRAÇÃO PÚBLICA  GESTÃO  LOGÍSTICA  NEGÓCIOS E CURSOS RELACIONADOS;121861
CURSOS NAO PRIORITARIOS;CIÊNCIAS BIOLÓGICAS (BEL)  BIOMEDICINA  BIOTECNOLOGIA E CURSOS RELACIONADOS;118583
CURSOS NAO PRIORITARIOS;HOTELARIA E TURISMO  GASTRONOMIA E CURSOS RELACIONADOS;122255
CURSOS NAO PRIORITARIOS;ADMINISTRAÇÃO  ADMINISTRAÇÃO PÚBLICA  GESTÃO  LOGÍSTICA  NEGÓCIOS E CURSOS RELACIONADOS;119024
CURSOS NAO PRIORITARIOS;CIÊNCIAS BIOLÓGICAS (BEL)  BIOMEDICINA  BIOTECNOLOGIA E CURSOS RELACIONADOS;120310
CURSOS DA AREA DE SAUDE;ENFERMAGEM  FISIOTERAPIA  FARMÁCIA  NUTRIÇÃO E CURSOS RELACIONADOS;121074
CURSOS NAO PRIORITARIOS;ADMINISTRAÇÃO  ADMINISTRAÇÃO PÚBLICA  GESTÃO  LOGÍSTICA  NEGÓCIOS E CURSOS RELACIONADOS;118003
CURSOS NAO PRIORITARIOS;MÚSICA  FOTOGRAFIA  PRODUÇÃO MULTIMÍDIA E CURSOS RELACIONADOS;120634
CURSOS DA ÁREA DE LICENCIATURA PEDAGOGIA E NORMAL SUPERIOR;HISTÓRIA (LIC)  GEOGRAFIA (LIC)  EDUCAÇÃO FÍSICA (LIC) E CURSOS RELACIONADOS;118450
CURSOS NAO PRIORITARIOS;ADMINISTRAÇÃO  ADMINISTRAÇÃO PÚBLICA  GESTÃO  LOGÍSTICA  NEGÓCIOS E CURSOS RELACIONADOS;120828
CURSOS NAO PRIORITARIOS;ADMINISTRAÇÃO  ADMINISTRAÇÃO PÚBLICA  GESTÃO  LOGÍSTICA  NEGÓCIOS E CURSOS RELACIONADOS;122240
CURSOS NAO PRIORITARIOS;ESTÉTICA E COSMÉTICA  GESTÃO DO ESPORTE E CURSOS RELACIONADOS;118592
CURSOS NAO PRIORITARIOS;CIÊNCIAS SOCIAIS  POLÍTICAS  ECONÔMICAS E CONTÁBEIS  PSICOLOGIA E SECRETARIADO;118577
CURSOS NAO PRIORITARIOS;COMUNICAÇÃO  DESIGN  AUDIO VISUAL E CURSOS RELACIONADOS;120967
CURSOS NAO PRIORITARIOS;ESTÉTICA E COSMÉTICA  GESTÃO DO ESPORTE E CURSOS RELACIONADOS;121020
CURSOS DA ÁREA DE LICENCIATURA PEDAGOGIA E NORMAL SUPERIOR;PEDAGOGIA;120963
CURSOS DA AREA DE SAUDE;ENFERMAGEM  FISIOTERAPIA  FARMÁCIA  NUTRIÇÃO E CURSOS RELACIONADOS;117952
CURSOS NAO PRIORITARIOS;CIÊNCIAS BIOLÓGICAS (BEL)  BIOMEDICINA  BIOTECNOLOGIA E CURSOS RELACIONADOS;121919
CURSOS DA AREA DE SAUDE;ENFERMAGEM  FISIOTERAPIA  FARMÁCIA  NUTRIÇÃO E CURSOS RELACIONADOS;120848
CURSOS DA ÁREA DE ENGENHARIA E CIÊNCIA DA COMPUTAÇÃO;ENGENHARIA ELÉTRICA  ELETRÔNICA  DA COMPUTAÇÃO E CURSOS RELACIONADOS;120560
CURSOS NAO PRIORITARIOS;DIREITO  COMÉRCIO EXTERIOR  BIBLIOTECONOMIA E CURSOS RELACIONADOS;120990
CURSOS NAO PRIORITARIOS;CIÊNCIAS SOCIAIS  POLÍTICAS  ECONÔMICAS E CONTÁBEIS  PSICOLOGIA E SECRETARIADO;121350
CURSOS NAO PRIORITARIOS;ADMINISTRAÇÃO  ADMINISTRAÇÃO PÚBLICA  GESTÃO  LOGÍSTICA  NEGÓCIOS E CURSOS RELACIONADOS;119752
CURSOS DA ÁREA DE ENGENHARIA E CIÊNCIA DA COMPUTAÇÃO;ENGENHARIA MECÂNICA  AERONÁUTICA  NAVAL E CURSOS RELACIONADOS;120935
CURSOS NAO PRIORITARIOS;CIÊNCIAS SOCIAIS  POLÍTICAS  ECONÔMICAS E CONTÁBEIS  PSICOLOGIA E SECRETARIADO;119748
CURSOS NAO PRIORITARIOS;ADMINISTRAÇÃO  ADMINISTRAÇÃO PÚBLICA  GESTÃO  LOGÍSTICA  NEGÓCIOS E CURSOS RELACIONADOS;120309
CURSOS DA AREA DE SAUDE;ENFERMAGEM  FISIOTERAPIA  FARMÁCIA  NUTRIÇÃO E CURSOS RELACIONADOS;119352
CURSOS DA ÁREA DE ENGENHARIA E CIÊNCIA DA COMPUTAÇÃO;ENGENHARIA CIVIL E AMBIENTAL  ARQUITETURA E CURSOS RELACIONADOS;121319
CURSOS DA ÁREA DE ENGENHARIA E CIÊNCIA DA COMPUTAÇÃO;ENGENHARIA ELÉTRICA  ELETRÔNICA  DA COMPUTAÇÃO E CURSOS RELACIONADOS;120861
CURSOS DA ÁREA DE LICENCIATURA PEDAGOGIA E NORMAL SUPERIOR;PEDAGOGIA;121037
CURSOS DA ÁREA DE ENGENHARIA E CIÊNCIA DA COMPUTAÇÃO;ENGENHARIA ELÉTRICA  ELETRÔNICA  DA COMPUTAÇÃO E CURSOS RELACIONADOS;118446
CURSOS DA AREA DE SAUDE;SERVIÇO SOCIAL  FONOAUDIOLOGIA  TERAPIA OCUPACIONAL E CURSOS RELACIONADOS;120923
CURSOS DA AREA DE SAUDE;SERVIÇO SOCIAL  FONOAUDIOLOGIA  TERAPIA OCUPACIONAL E CURSOS RELACIONADOS;118361
CURSOS NAO PRIORITARIOS;CIÊNCIAS SOCIAIS  POLÍTICAS  ECONÔMICAS E CONTÁBEIS  PSICOLOGIA E SECRETARIADO;119985
CURSOS DA ÁREA DE ENGENHARIA E CIÊNCIA DA COMPUTAÇÃO;ENGENHARIA DE PRODUÇÃO  DE MATERIAIS E CURSOS RELACIONADOS;118984
CURSOS DA ÁREA DE ENGENHARIA E CIÊNCIA DA COMPUTAÇÃO;ENGENHARIA DE PRODUÇÃO  DE MATERIAIS E CURSOS RELACIONADOS;119700
CURSOS DA ÁREA DE LICENCIATURA PEDAGOGIA E NORMAL SUPERIOR;HISTÓRIA (LIC)  GEOGRAFIA (LIC)  EDUCAÇÃO FÍSICA (LIC) E CURSOS RELACIONADOS;118095
CURSOS DA AREA DE SAUDE;ENFERMAGEM  FISIOTERAPIA  FARMÁCIA  NUTRIÇÃO E CURSOS RELACIONADOS;118259
CURSOS NAO PRIORITARIOS;DIREITO  COMÉRCIO EXTERIOR  BIBLIOTECONOMIA E CURSOS RELACIONADOS;119018
CURSOS DA AREA DE SAUDE;ODONTOLOGIA  QUIROPRAXIA  FÍSICA MÉDICA E NATUROLOGIA;119527
CURSOS DA ÁREA DE LICENCIATURA PEDAGOGIA E NORMAL SUPERIOR;PEDAGOGIA;118829
CURSOS NAO PRIORITARIOS;DIREITO  COMÉRCIO EXTERIOR  BIBLIOTECONOMIA E CURSOS RELACIONADOS;120880
CURSOS NAO PRIORITARIOS;COMUNICAÇÃO SOCIAL  JORNALISMO  PUBLICIDADE  MARKETING E CURSOS RELACIONADOS;120358
CURSOS NAO PRIORITARIOS;DIREITO  COMÉRCIO EXTERIOR  BIBLIOTECONOMIA E CURSOS RELACIONADOS;121398
CURSOS DA ÁREA DE ENGENHARIA E CIÊNCIA DA COMPUTAÇÃO;ENGENHARIA CIVIL E AMBIENTAL  ARQUITETURA E CURSOS RELACIONADOS;118550
CURSOS NAO PRIORITARIOS;CIÊNCIAS BIOLÓGICAS (BEL)  BIOMEDICINA  BIOTECNOLOGIA E CURSOS RELACIONADOS;118058
CURSOS DA AREA DE SAUDE;ODONTOLOGIA  QUIROPRAXIA  FÍSICA MÉDICA E NATUROLOGIA;118181
CURSOS NAO PRIORITARIOS;COMUNICAÇÃO SOCIAL  JORNALISMO  PUBLICIDADE  MARKETING E CURSOS RELACIONADOS;121099
CURSOS NAO PRIORITARIOS;DIREITO  COMÉRCIO EXTERIOR  BIBLIOTECONOMIA E CURSOS RELACIONADOS;119520
CURSOS NAO PRIORITARIOS;COMUNICAÇÃO SOCIAL  JORNALISMO  PUBLICIDADE  MARKETING E CURSOS RELACIONADOS;120297
CURSOS DA ÁREA DE ENGENHARIA E CIÊNCIA DA COMPUTAÇÃO;ENGENHARIA DE PRODUÇÃO  DE MATERIAIS E CURSOS RELACIONADOS;119875
CURSOS NAO PRIORITARIOS;DIREITO  COMÉRCIO EXTERIOR  BIBLIOTECONOMIA E CURSOS RELACIONADOS;120041
CURSOS DA ÁREA DE LICENCIATURA PEDAGOGIA E NORMAL SUPERIOR;HISTÓRIA (LIC)  GEOGRAFIA (LIC)  EDUCAÇÃO FÍSICA (LIC) E CURSOS RELACIONADOS;120625
CURSOS NAO PRIORITARIOS;COMUNICAÇÃO SOCIAL  JORNALISMO  PUBLICIDADE  MARKETING E CURSOS RELACIONADOS;121340
CURSOS DA ÁREA DE LICENCIATURA PEDAGOGIA E NORMAL SUPERIOR;HISTÓRIA (LIC)  GEOGRAFIA (LIC)  EDUCAÇÃO FÍSICA (LIC) E CURSOS RELACIONADOS;119721
CURSOS DA AREA DE SAUDE;ENFERMAGEM  FISIOTERAPIA  FARMÁCIA  NUTRIÇÃO E CURSOS RELACIONADOS;120594
CURSOS DA AREA DE SAUDE;MEDICINA;119945
CURSOS NAO PRIORITARIOS;ADMINISTRAÇÃO  ADMINISTRAÇÃO PÚBLICA  GESTÃO  LOGÍSTICA  NEGÓCIOS E CURSOS RELACIONADOS;119414
CURSOS NAO PRIORITARIOS;ESTÉTICA E COSMÉTICA  GESTÃO DO ESPORTE E CURSOS RELACIONADOS;122122
CURSOS DA AREA DE SAUDE;ENFERMAGEM  FISIOTERAPIA  FARMÁCIA  NUTRIÇÃO E CURSOS RELACIONADOS;121175
CURSOS NAO PRIORITARIOS;DIREITO  COMÉRCIO EXTERIOR  BIBLIOTECONOMIA E CURSOS RELACIONADOS;121750
CURSOS NAO PRIORITARIOS;MEDICINA VETERINÁRIA;118468
CURSOS DA ÁREA DE ENGENHARIA E CIÊNCIA DA COMPUTAÇÃO;CIÊNCIA DA COMPUTAÇÃO E SISTEMAS DE INFORMAÇÃO E CURSOS RELACIONADOS;119695
CURSOS DA AREA DE SAUDE;ENFERMAGEM  FISIOTERAPIA  FARMÁCIA  NUTRIÇÃO E CURSOS RELACIONADOS;121073
CURSOS NAO PRIORITARIOS;ESTÉTICA E COSMÉTICA  GESTÃO DO ESPORTE E CURSOS RELACIONADOS;119040
CURSOS NAO PRIORITARIOS;COMUNICAÇÃO SOCIAL  JORNALISMO  PUBLICIDADE  MARKETING E CURSOS RELACIONADOS;120087
CURSOS DA ÁREA DE ENGENHARIA E CIÊNCIA DA COMPUTAÇÃO;CIÊNCIA DA COMPUTAÇÃO E SISTEMAS DE INFORMAÇÃO E CURSOS RELACIONADOS;118537
CURSOS DA AREA DE SAUDE;ODONTOLOGIA  QUIROPRAXIA  FÍSICA MÉDICA E NATUROLOGIA;120845
CURSOS DA ÁREA DE ENGENHARIA E CIÊNCIA DA COMPUTAÇÃO;ENGENHARIA CIVIL E AMBIENTAL  ARQUITETURA E CURSOS RELACIONADOS;121087
CURSOS NAO PRIORITARIOS;ADMINISTRAÇÃO  ADMINISTRAÇÃO PÚBLICA  GESTÃO  LOGÍSTICA  NEGÓCIOS E CURSOS RELACIONADOS;121535
CURSOS NAO PRIORITARIOS;DIREITO  COMÉRCIO EXTERIOR  BIBLIOTECONOMIA E CURSOS RELACIONADOS;120301
CURSOS NAO PRIORITARIOS;DIREITO  COMÉRCIO EXTERIOR  BIBLIOTECONOMIA E CURSOS RELACIONADOS;121642
CURSOS DA ÁREA DE LICENCIATURA PEDAGOGIA E NORMAL SUPERIOR;HISTÓRIA (LIC)  GEOGRAFIA (LIC)  EDUCAÇÃO FÍSICA (LIC) E CURSOS RELACIONADOS;119091
CURSOS DA AREA DE SAUDE;ODONTOLOGIA  QUIROPRAXIA  FÍSICA MÉDICA E NATUROLOGIA;118524
CURSOS NAO PRIORITARIOS;ADMINISTRAÇÃO  ADMINISTRAÇÃO PÚBLICA  GESTÃO  LOGÍSTICA  NEGÓCIOS E CURSOS RELACIONADOS;119411
CURSOS NAO PRIORITARIOS;ESTÉTICA E COSMÉTICA  GESTÃO DO ESPORTE E CURSOS RELACIONADOS;119066
CURSOS DA AREA DE SAUDE;ENFERMAGEM  FISIOTERAPIA  FARMÁCIA  NUTRIÇÃO E CURSOS RELACIONADOS;118668
CURSOS NAO PRIORITARIOS;DIREITO  COMÉRCIO EXTERIOR  BIBLIOTECONOMIA E CURSOS RELACIONADOS;121237
CURSOS NAO PRIORITARIOS;ADMINISTRAÇÃO  ADMINISTRAÇÃO PÚBLICA  GESTÃO  LOGÍSTICA  NEGÓCIOS E CURSOS RELACIONADOS;120539
CURSOS DA ÁREA DE ENGENHARIA E CIÊNCIA DA COMPUTAÇÃO;ENGENHARIA CIVIL E AMBIENTAL  ARQUITETURA E CURSOS RELACIONADOS;118274
CURSOS DA ÁREA DE ENGENHARIA E CIÊNCIA DA COMPUTAÇÃO;ENGENHARIA DE PRODUÇÃO  DE MATERIAIS E CURSOS RELACIONADOS;119447
CURSOS DA ÁREA DE ENGENHARIA E CIÊNCIA DA COMPUTAÇÃO;ENGENHARIA ELÉTRICA  ELETRÔNICA  DA COMPUTAÇÃO E CURSOS RELACIONADOS;121085
CURSOS DA ÁREA DE ENGENHARIA E CIÊNCIA DA COMPUTAÇÃO;ENGENHARIA CIVIL E AMBIENTAL  ARQUITETURA E CURSOS RELACIONADOS;121149
CURSOS DA ÁREA DE LICENCIATURA PEDAGOGIA E NORMAL SUPERIOR;ARTES  CIÊNCIAS SOCIAIS E CURSOS RELACIONADOS;119127
CURSOS NAO PRIORITARIOS;CIÊNCIAS SOCIAIS  POLÍTICAS  ECONÔMICAS E CONTÁBEIS  PSICOLOGIA E SECRETARIADO;118575
CURSOS NAO PRIORITARIOS;COMUNICAÇÃO SOCIAL  JORNALISMO  PUBLICIDADE  MARKETING E CURSOS RELACIONADOS;120413
CURSOS NAO PRIORITARIOS;CIÊNCIAS SOCIAIS  POLÍTICAS  ECONÔMICAS E CONTÁBEIS  PSICOLOGIA E SECRETARIADO;118463
CURSOS NAO PRIORITARIOS;DIREITO  COMÉRCIO EXTERIOR  BIBLIOTECONOMIA E CURSOS RELACIONADOS;118786
CURSOS DA ÁREA DE LICENCIATURA PEDAGOGIA E NORMAL SUPERIOR;PEDAGOGIA;118100
CURSOS NAO PRIORITARIOS;CIÊNCIAS BIOLÓGICAS (BEL)  BIOMEDICINA  BIOTECNOLOGIA E CURSOS RELACIONADOS;121161
CURSOS NAO PRIORITARIOS;FÍSICA (BEL)  QUÍMICA (BEL)  MATEMÁTICA (BEL)  GEOGRAFIA (BEL) E CURSOS RELACIONADOS;120892
CURSOS DA ÁREA DE LICENCIATURA PEDAGOGIA E NORMAL SUPERIOR;PEDAGOGIA;118452
CURSOS NAO PRIORITARIOS;ADMINISTRAÇÃO  ADMINISTRAÇÃO PÚBLICA  GESTÃO  LOGÍSTICA  NEGÓCIOS E CURSOS RELACIONADOS;122242
CURSOS NAO PRIORITARIOS;COMUNICAÇÃO  DESIGN  AUDIO VISUAL E CURSOS RELACIONADOS;122225
CURSOS NAO PRIORITARIOS;ADMINISTRAÇÃO  ADMINISTRAÇÃO PÚBLICA  GESTÃO  LOGÍSTICA  NEGÓCIOS E CURSOS RELACIONADOS;120308
CURSOS NAO PRIORITARIOS;CIÊNCIAS SOCIAIS  POLÍTICAS  ECONÔMICAS E CONTÁBEIS  PSICOLOGIA E SECRETARIADO;120577
CURSOS DA ÁREA DE ENGENHARIA E CIÊNCIA DA COMPUTAÇÃO;ENGENHARIA MECÂNICA  AERONÁUTICA  NAVAL E CURSOS RELACIONADOS;121145
CURSOS NAO PRIORITARIOS;CIÊNCIAS BIOLÓGICAS (BEL)  BIOMEDICINA  BIOTECNOLOGIA E CURSOS RELACIONADOS;119417
CURSOS NAO PRIORITARIOS;ADMINISTRAÇÃO  ADMINISTRAÇÃO PÚBLICA  GESTÃO  LOGÍSTICA  NEGÓCIOS E CURSOS RELACIONADOS;119025
CURSOS DA ÁREA DE ENGENHARIA E CIÊNCIA DA COMPUTAÇÃO;CIÊNCIA DA COMPUTAÇÃO E SISTEMAS DE INFORMAÇÃO E CURSOS RELACIONADOS;120600
CURSOS DA AREA DE SAUDE;SERVIÇO SOCIAL  FONOAUDIOLOGIA  TERAPIA OCUPACIONAL E CURSOS RELACIONADOS;120851
CURSOS NAO PRIORITARIOS;CIÊNCIAS SOCIAIS  POLÍTICAS  ECONÔMICAS E CONTÁBEIS  PSICOLOGIA E SECRETARIADO;122238
CURSOS DA AREA DE SAUDE;ENFERMAGEM  FISIOTERAPIA  FARMÁCIA  NUTRIÇÃO E CURSOS RELACIONADOS;119141
CURSOS DA ÁREA DE LICENCIATURA PEDAGOGIA E NORMAL SUPERIOR;PEDAGOGIA;118724
CURSOS NAO PRIORITARIOS;ADMINISTRAÇÃO  ADMINISTRAÇÃO PÚBLICA  GESTÃO  LOGÍSTICA  NEGÓCIOS E CURSOS RELACIONADOS;121606
CURSOS NAO PRIORITARIOS;HOTELARIA E TURISMO  GASTRONOMIA E CURSOS RELACIONADOS;118590
CURSOS DA ÁREA DE ENGENHARIA E CIÊNCIA DA COMPUTAÇÃO;CIÊNCIA DA COMPUTAÇÃO E SISTEMAS DE INFORMAÇÃO E CURSOS RELACIONADOS;118534
CURSOS NAO PRIORITARIOS;ADMINISTRAÇÃO  ADMINISTRAÇÃO PÚBLICA  GESTÃO  LOGÍSTICA  NEGÓCIOS E CURSOS RELACIONADOS;120306
CURSOS NAO PRIORITARIOS;MEDICINA VETERINÁRIA;119215
CURSOS NAO PRIORITARIOS;HOTELARIA E TURISMO  GASTRONOMIA E CURSOS RELACIONADOS;118740
CURSOS DA ÁREA DE LICENCIATURA PEDAGOGIA E NORMAL SUPERIOR;HISTÓRIA (LIC)  GEOGRAFIA (LIC)  EDUCAÇÃO FÍSICA (LIC) E CURSOS RELACIONADOS;120956
CURSOS NAO PRIORITARIOS;COMUNICAÇÃO SOCIAL  JORNALISMO  PUBLICIDADE  MARKETING E CURSOS RELACIONADOS;119551
CURSOS DA AREA DE SAUDE;ENFERMAGEM  FISIOTERAPIA  FARMÁCIA  NUTRIÇÃO E CURSOS RELACIONADOS;120920
CURSOS DA AREA DE SAUDE;ODONTOLOGIA  QUIROPRAXIA  FÍSICA MÉDICA E NATUROLOGIA;120916
CURSOS DA AREA DE SAUDE;ODONTOLOGIA  QUIROPRAXIA  FÍSICA MÉDICA E NATUROLOGIA;121572
CURSOS DA ÁREA DE ENGENHARIA E CIÊNCIA DA COMPUTAÇÃO;CIÊNCIA DA COMPUTAÇÃO E SISTEMAS DE INFORMAÇÃO E CURSOS RELACIONADOS;120786
CURSOS DA ÁREA DE ENGENHARIA E CIÊNCIA DA COMPUTAÇÃO;ENGENHARIA CIVIL E AMBIENTAL  ARQUITETURA E CURSOS RELACIONADOS;121726
CURSOS NAO PRIORITARIOS;CIÊNCIAS BIOLÓGICAS (BEL)  BIOMEDICINA  BIOTECNOLOGIA E CURSOS RELACIONADOS;120505
CURSOS DA ÁREA DE ENGENHARIA E CIÊNCIA DA COMPUTAÇÃO;CIÊNCIA DA COMPUTAÇÃO E SISTEMAS DE INFORMAÇÃO E CURSOS RELACIONADOS;117937
CURSOS NAO PRIORITARIOS;ADMINISTRAÇÃO  ADMINISTRAÇÃO PÚBLICA  GESTÃO  LOGÍSTICA  NEGÓCIOS E CURSOS RELACIONADOS;118116
CURSOS NAO PRIORITARIOS;ESTÉTICA E COSMÉTICA  GESTÃO DO ESPORTE E CURSOS RELACIONADOS;120322
CURSOS NAO PRIORITARIOS;ADMINISTRAÇÃO  ADMINISTRAÇÃO PÚBLICA  GESTÃO  LOGÍSTICA  NEGÓCIOS E CURSOS RELACIONADOS;121992
CURSOS DA AREA DE SAUDE;SERVIÇO SOCIAL  FONOAUDIOLOGIA  TERAPIA OCUPACIONAL E CURSOS RELACIONADOS;120245
CURSOS DA ÁREA DE ENGENHARIA E CIÊNCIA DA COMPUTAÇÃO;ENGENHARIA ELÉTRICA  ELETRÔNICA  DA COMPUTAÇÃO E CURSOS RELACIONADOS;120610
CURSOS DA ÁREA DE ENGENHARIA E CIÊNCIA DA COMPUTAÇÃO;ENGENHARIA MECÂNICA  AERONÁUTICA  NAVAL E CURSOS RELACIONADOS;122012
CURSOS DA ÁREA DE LICENCIATURA PEDAGOGIA E NORMAL SUPERIOR;BIOLOGIA (LIC)  MATEMÁTICA (LIC)  LETRAS-PORTUGUÊS E CURSOS RELACIONADOS;120960
CURSOS DA ÁREA DE ENGENHARIA E CIÊNCIA DA COMPUTAÇÃO;ENGENHARIA ELÉTRICA  ELETRÔNICA  DA COMPUTAÇÃO E CURSOS RELACIONADOS;120395
CURSOS NAO PRIORITARIOS;DIREITO  COMÉRCIO EXTERIOR  BIBLIOTECONOMIA E CURSOS RELACIONADOS;121155
CURSOS DA AREA DE SAUDE;ODONTOLOGIA  QUIROPRAXIA  FÍSICA MÉDICA E NATUROLOGIA;118902
CURSOS NAO PRIORITARIOS;CIÊNCIAS SOCIAIS  POLÍTICAS  ECONÔMICAS E CONTÁBEIS  PSICOLOGIA E SECRETARIADO;121644
CURSOS DA ÁREA DE LICENCIATURA PEDAGOGIA E NORMAL SUPERIOR;PEDAGOGIA;119004
CURSOS NAO PRIORITARIOS;ADMINISTRAÇÃO  ADMINISTRAÇÃO PÚBLICA  GESTÃO  LOGÍSTICA  NEGÓCIOS E CURSOS RELACIONADOS;118302
CURSOS NAO PRIORITARIOS;DIREITO  COMÉRCIO EXTERIOR  BIBLIOTECONOMIA E CURSOS RELACIONADOS;120300
CURSOS DA AREA DE SAUDE;MEDICINA;121411
CURSOS NAO PRIORITARIOS;CIÊNCIAS SOCIAIS  POLÍTICAS  ECONÔMICAS E CONTÁBEIS  PSICOLOGIA E SECRETARIADO;120303
CURSOS DA ÁREA DE LICENCIATURA PEDAGOGIA E NORMAL SUPERIOR;HISTÓRIA (LIC)  GEOGRAFIA (LIC)  EDUCAÇÃO FÍSICA (LIC) E CURSOS RELACIONADOS;121822
CURSOS DA AREA DE SAUDE;ENFERMAGEM  FISIOTERAPIA  FARMÁCIA  NUTRIÇÃO E CURSOS RELACIONADOS;120780
CURSOS DA ÁREA DE ENGENHARIA E CIÊNCIA DA COMPUTAÇÃO;ENGENHARIA CIVIL E AMBIENTAL  ARQUITETURA E CURSOS RELACIONADOS;120804
CURSOS NAO PRIORITARIOS;MEDICINA VETERINÁRIA;118178
CURSOS DA AREA DE SAUDE;ENFERMAGEM  FISIOTERAPIA  FARMÁCIA  NUTRIÇÃO E CURSOS RELACIONADOS;118773
CURSOS NAO PRIORITARIOS;ADMINISTRAÇÃO  ADMINISTRAÇÃO PÚBLICA  GESTÃO  LOGÍSTICA  NEGÓCIOS E CURSOS RELACIONADOS;121210
CURSOS DA ÁREA DE ENGENHARIA E CIÊNCIA DA COMPUTAÇÃO;ENGENHARIA CIVIL E AMBIENTAL  ARQUITETURA E CURSOS RELACIONADOS;119887
CURSOS NAO PRIORITARIOS;ADMINISTRAÇÃO  ADMINISTRAÇÃO PÚBLICA  GESTÃO  LOGÍSTICA  NEGÓCIOS E CURSOS RELACIONADOS;118465
CURSOS DA AREA DE SAUDE;ENFERMAGEM  FISIOTERAPIA  FARMÁCIA  NUTRIÇÃO E CURSOS RELACIONADOS;121574
CURSOS DA ÁREA DE LICENCIATURA PEDAGOGIA E NORMAL SUPERIOR;ARTES  CIÊNCIAS SOCIAIS E CURSOS RELACIONADOS;118757
CURSOS NAO PRIORITARIOS;AGRONOMIA  ZOOTECNIA  ENGENHARIA FLORESTAL E CURSOS RELACIONADOS;121613
CURSOS DA ÁREA DE ENGENHARIA E CIÊNCIA DA COMPUTAÇÃO;ENGENHARIA DE PRODUÇÃO  DE MATERIAIS E CURSOS RELACIONADOS;118442
CURSOS DA ÁREA DE ENGENHARIA E CIÊNCIA DA COMPUTAÇÃO;ENGENHARIA QUÍMICA  DE ALIMENTOS  DE PETRÓLEO E CURSOS RELACIONADOS;120070
CURSOS NAO PRIORITARIOS;CIÊNCIAS SOCIAIS  POLÍTICAS  ECONÔMICAS E CONTÁBEIS  PSICOLOGIA E SECRETARIADO;121205
CURSOS NAO PRIORITARIOS;ADMINISTRAÇÃO  ADMINISTRAÇÃO PÚBLICA  GESTÃO  LOGÍSTICA  NEGÓCIOS E CURSOS RELACIONADOS;121757
CURSOS DA ÁREA DE LICENCIATURA PEDAGOGIA E NORMAL SUPERIOR;PEDAGOGIA;122221
CURSOS NAO PRIORITARIOS;DIREITO  COMÉRCIO EXTERIOR  BIBLIOTECONOMIA E CURSOS RELACIONADOS;121103
CURSOS DA ÁREA DE LICENCIATURA PEDAGOGIA E NORMAL SUPERIOR;ARTES  CIÊNCIAS SOCIAIS E CURSOS RELACIONADOS;120954
CURSOS DA ÁREA DE ENGENHARIA E CIÊNCIA DA COMPUTAÇÃO;ENGENHARIA DE PRODUÇÃO  DE MATERIAIS E CURSOS RELACIONADOS;121081
CURSOS NAO PRIORITARIOS;CIÊNCIAS SOCIAIS  POLÍTICAS  ECONÔMICAS E CONTÁBEIS  PSICOLOGIA E SECRETARIADO;118637
CURSOS NAO PRIORITARIOS;CIÊNCIAS SOCIAIS  POLÍTICAS  ECONÔMICAS E CONTÁBEIS  PSICOLOGIA E SECRETARIADO;120579
CURSOS NAO PRIORITARIOS;MEDICINA VETERINÁRIA;119758
CURSOS DA ÁREA DE ENGENHARIA E CIÊNCIA DA COMPUTAÇÃO;ENGENHARIA DE PRODUÇÃO  DE MATERIAIS E CURSOS RELACIONADOS;120556
CURSOS NAO PRIORITARIOS;DIREITO  COMÉRCIO EXTERIOR  BIBLIOTECONOMIA E CURSOS RELACIONADOS;119100
CURSOS DA AREA DE SAUDE;ENFERMAGEM  FISIOTERAPIA  FARMÁCIA  NUTRIÇÃO E CURSOS RELACIONADOS;118184
CURSOS NAO PRIORITARIOS;ADMINISTRAÇÃO  ADMINISTRAÇÃO PÚBLICA  GESTÃO  LOGÍSTICA  NEGÓCIOS E CURSOS RELACIONADOS;121647
CURSOS NAO PRIORITARIOS;ADMINISTRAÇÃO  ADMINISTRAÇÃO PÚBLICA  GESTÃO  LOGÍSTICA  NEGÓCIOS E CURSOS RELACIONADOS;121265
CURSOS DA AREA DE SAUDE;SERVIÇO SOCIAL  FONOAUDIOLOGIA  TERAPIA OCUPACIONAL E CURSOS RELACIONADOS;118326
CURSOS DA ÁREA DE ENGENHARIA E CIÊNCIA DA COMPUTAÇÃO;ENGENHARIA CIVIL E AMBIENTAL  ARQUITETURA E CURSOS RELACIONADOS;122209
CURSOS DA AREA DE SAUDE;ENFERMAGEM  FISIOTERAPIA  FARMÁCIA  NUTRIÇÃO E CURSOS RELACIONADOS;120239
CURSOS DA AREA DE SAUDE;ODONTOLOGIA  QUIROPRAXIA  FÍSICA MÉDICA E NATUROLOGIA;118202
CURSOS DA AREA DE SAUDE;ENFERMAGEM  FISIOTERAPIA  FARMÁCIA  NUTRIÇÃO E CURSOS RELACIONADOS;119657
CURSOS DA ÁREA DE ENGENHARIA E CIÊNCIA DA COMPUTAÇÃO;ENGENHARIA CIVIL E AMBIENTAL  ARQUITETURA E CURSOS RELACIONADOS;119159
CURSOS DA ÁREA DE ENGENHARIA E CIÊNCIA DA COMPUTAÇÃO;ENGENHARIA CIVIL E AMBIENTAL  ARQUITETURA E CURSOS RELACIONADOS;118191
CURSOS DA AREA DE SAUDE;ENFERMAGEM  FISIOTERAPIA  FARMÁCIA  NUTRIÇÃO E CURSOS RELACIONADOS;120238
CURSOS DA ÁREA DE LICENCIATURA PEDAGOGIA E NORMAL SUPERIOR;ARTES  CIÊNCIAS SOCIAIS E CURSOS RELACIONADOS;120953
CURSOS NAO PRIORITARIOS;DANÇA  TEOLOGIA  MÍDIAS SOCIAIS  DESIGN DE INTERIORES E CURSOS RELACIONADOS;120982
CURSOS DA AREA DE SAUDE;ENFERMAGEM  FISIOTERAPIA  FARMÁCIA  NUTRIÇÃO E CURSOS RELACIONADOS;120547
CURSOS NAO PRIORITARIOS;ADMINISTRAÇÃO  ADMINISTRAÇÃO PÚBLICA  GESTÃO  LOGÍSTICA  NEGÓCIOS E CURSOS RELACIONADOS;119905
CURSOS DA AREA DE SAUDE;ODONTOLOGIA  QUIROPRAXIA  FÍSICA MÉDICA E NATUROLOGIA;118697
CURSOS DA ÁREA DE ENGENHARIA E CIÊNCIA DA COMPUTAÇÃO;ENGENHARIA MECÂNICA  AERONÁUTICA  NAVAL E CURSOS RELACIONADOS;121720
CURSOS DA AREA DE SAUDE;ENFERMAGEM  FISIOTERAPIA  FARMÁCIA  NUTRIÇÃO E CURSOS RELACIONADOS;119483
CURSOS NAO PRIORITARIOS;ESTÉTICA E COSMÉTICA  GESTÃO DO ESPORTE E CURSOS RELACIONADOS;119772
CURSOS NAO PRIORITARIOS;MEDICINA VETERINÁRIA;118588
CURSOS DA AREA DE SAUDE;ENFERMAGEM  FISIOTERAPIA  FARMÁCIA  NUTRIÇÃO E CURSOS RELACIONADOS;120671
CURSOS NAO PRIORITARIOS;MEDICINA VETERINÁRIA;118356
CURSOS NAO PRIORITARIOS;ADMINISTRAÇÃO  ADMINISTRAÇÃO PÚBLICA  GESTÃO  LOGÍSTICA  NEGÓCIOS E CURSOS RELACIONADOS;121043
CURSOS DA AREA DE SAUDE;SERVIÇO SOCIAL  FONOAUDIOLOGIA  TERAPIA OCUPACIONAL E CURSOS RELACIONADOS;119533
CURSOS DA ÁREA DE ENGENHARIA E CIÊNCIA DA COMPUTAÇÃO;ENGENHARIA CIVIL E AMBIENTAL  ARQUITETURA E CURSOS RELACIONADOS;122211
CURSOS DA AREA DE SAUDE;SERVIÇO SOCIAL  FONOAUDIOLOGIA  TERAPIA OCUPACIONAL E CURSOS RELACIONADOS;118475
CURSOS DA ÁREA DE LICENCIATURA PEDAGOGIA E NORMAL SUPERIOR;HISTÓRIA (LIC)  GEOGRAFIA (LIC)  EDUCAÇÃO FÍSICA (LIC) E CURSOS RELACIONADOS;121821
CURSOS NAO PRIORITARIOS;DIREITO  COMÉRCIO EXTERIOR  BIBLIOTECONOMIA E CURSOS RELACIONADOS;118654
CURSOS DA ÁREA DE ENGENHARIA E CIÊNCIA DA COMPUTAÇÃO;CIÊNCIA DA COMPUTAÇÃO E SISTEMAS DE INFORMAÇÃO E CURSOS RELACIONADOS;120928
CURSOS NAO PRIORITARIOS;COMUNICAÇÃO SOCIAL  JORNALISMO  PUBLICIDADE  MARKETING E CURSOS RELACIONADOS;119403
CURSOS DA ÁREA DE ENGENHARIA E CIÊNCIA DA COMPUTAÇÃO;ENGENHARIA DE PRODUÇÃO  DE MATERIAIS E CURSOS RELACIONADOS;120392
CURSOS DA ÁREA DE ENGENHARIA E CIÊNCIA DA COMPUTAÇÃO;CIÊNCIA DA COMPUTAÇÃO E SISTEMAS DE INFORMAÇÃO E CURSOS RELACIONADOS;120853
CURSOS NAO PRIORITARIOS;CIÊNCIAS SOCIAIS  POLÍTICAS  ECONÔMICAS E CONTÁBEIS  PSICOLOGIA E SECRETARIADO;120363
CURSOS NAO PRIORITARIOS;DIREITO  COMÉRCIO EXTERIOR  BIBLIOTECONOMIA E CURSOS RELACIONADOS;120642
CURSOS NAO PRIORITARIOS;ADMINISTRAÇÃO  ADMINISTRAÇÃO PÚBLICA  GESTÃO  LOGÍSTICA  NEGÓCIOS E CURSOS RELACIONADOS;120194
CURSOS NAO PRIORITARIOS;COMUNICAÇÃO  DESIGN  AUDIO VISUAL E CURSOS RELACIONADOS;121195
CURSOS NAO PRIORITARIOS;DIREITO  COMÉRCIO EXTERIOR  BIBLIOTECONOMIA E CURSOS RELACIONADOS;120359
CURSOS NAO PRIORITARIOS;DIREITO  COMÉRCIO EXTERIOR  BIBLIOTECONOMIA E CURSOS RELACIONADOS;121039
CURSOS DA ÁREA DE ENGENHARIA E CIÊNCIA DA COMPUTAÇÃO;ENGENHARIA CIVIL E AMBIENTAL  ARQUITETURA E CURSOS RELACIONADOS;118088
CURSOS DA AREA DE SAUDE;ENFERMAGEM  FISIOTERAPIA  FARMÁCIA  NUTRIÇÃO E CURSOS RELACIONADOS;122050
CURSOS DA AREA DE SAUDE;ENFERMAGEM  FISIOTERAPIA  FARMÁCIA  NUTRIÇÃO E CURSOS RELACIONADOS;121126
CURSOS NAO PRIORITARIOS;ESTÉTICA E COSMÉTICA  GESTÃO DO ESPORTE E CURSOS RELACIONADOS;118857
CURSOS DA ÁREA DE LICENCIATURA PEDAGOGIA E NORMAL SUPERIOR;HISTÓRIA (LIC)  GEOGRAFIA (LIC)  EDUCAÇÃO FÍSICA (LIC) E CURSOS RELACIONADOS;121326
CURSOS DA AREA DE SAUDE;ODONTOLOGIA  QUIROPRAXIA  FÍSICA MÉDICA E NATUROLOGIA;118407
CURSOS NAO PRIORITARIOS;DIREITO  COMÉRCIO EXTERIOR  BIBLIOTECONOMIA E CURSOS RELACIONADOS;120533
CURSOS NAO PRIORITARIOS;HOTELARIA E TURISMO  GASTRONOMIA E CURSOS RELACIONADOS;121014
CURSOS DA AREA DE SAUDE;ENFERMAGEM  FISIOTERAPIA  FARMÁCIA  NUTRIÇÃO E CURSOS RELACIONADOS;118258
CURSOS DA ÁREA DE LICENCIATURA PEDAGOGIA E NORMAL SUPERIOR;PEDAGOGIA;122222
CURSOS DA ÁREA DE ENGENHARIA E CIÊNCIA DA COMPUTAÇÃO;ENGENHARIA DE PRODUÇÃO  DE MATERIAIS E CURSOS RELACIONADOS;120933
CURSOS DA ÁREA DE LICENCIATURA PEDAGOGIA E NORMAL SUPERIOR;PEDAGOGIA;118680
CURSOS DA AREA DE SAUDE;ODONTOLOGIA  QUIROPRAXIA  FÍSICA MÉDICA E NATUROLOGIA;119482
CURSOS DA ÁREA DE ENGENHARIA E CIÊNCIA DA COMPUTAÇÃO;ENGENHARIA CIVIL E AMBIENTAL  ARQUITETURA E CURSOS RELACIONADOS;119966
CURSOS DA ÁREA DE LICENCIATURA PEDAGOGIA E NORMAL SUPERIOR;HISTÓRIA (LIC)  GEOGRAFIA (LIC)  EDUCAÇÃO FÍSICA (LIC) E CURSOS RELACIONADOS;121595
CURSOS NAO PRIORITARIOS;CIÊNCIAS SOCIAIS  POLÍTICAS  ECONÔMICAS E CONTÁBEIS  PSICOLOGIA E SECRETARIADO;119747
CURSOS DA ÁREA DE LICENCIATURA PEDAGOGIA E NORMAL SUPERIOR;HISTÓRIA (LIC)  GEOGRAFIA (LIC)  EDUCAÇÃO FÍSICA (LIC) E CURSOS RELACIONADOS;120171
CURSOS DA ÁREA DE ENGENHARIA E CIÊNCIA DA COMPUTAÇÃO;ENGENHARIA CIVIL E AMBIENTAL  ARQUITETURA E CURSOS RELACIONADOS;121318
CURSOS DA ÁREA DE ENGENHARIA E CIÊNCIA DA COMPUTAÇÃO;ENGENHARIA ELÉTRICA  ELETRÔNICA  DA COMPUTAÇÃO E CURSOS RELACIONADOS;121387
CURSOS DA AREA DE SAUDE;ODONTOLOGIA  QUIROPRAXIA  FÍSICA MÉDICA E NATUROLOGIA;117951
CURSOS DA AREA DE SAUDE;MEDICINA;120843
CURSOS DA ÁREA DE ENGENHARIA E CIÊNCIA DA COMPUTAÇÃO;ENGENHARIA CIVIL E AMBIENTAL  ARQUITETURA E CURSOS RELACIONADOS;120616
CURSOS DA ÁREA DE ENGENHARIA E CIÊNCIA DA COMPUTAÇÃO;ENGENHARIA MECÂNICA  AERONÁUTICA  NAVAL E CURSOS RELACIONADOS;119878
CURSOS DA AREA DE SAUDE;SERVIÇO SOCIAL  FONOAUDIOLOGIA  TERAPIA OCUPACIONAL E CURSOS RELACIONADOS;118438
CURSOS DA AREA DE SAUDE;MEDICINA;121957
CURSOS NAO PRIORITARIOS;DIREITO  COMÉRCIO EXTERIOR  BIBLIOTECONOMIA E CURSOS RELACIONADOS;119405
CURSOS DA AREA DE SAUDE;ENFERMAGEM  FISIOTERAPIA  FARMÁCIA  NUTRIÇÃO E CURSOS RELACIONADOS;119689
CURSOS NAO PRIORITARIOS;CIÊNCIAS SOCIAIS  POLÍTICAS  ECONÔMICAS E CONTÁBEIS  PSICOLOGIA E SECRETARIADO;121989
CURSOS NAO PRIORITARIOS;COMUNICAÇÃO SOCIAL  JORNALISMO  PUBLICIDADE  MARKETING E CURSOS RELACIONADOS;118568
CURSOS DA ÁREA DE LICENCIATURA PEDAGOGIA E NORMAL SUPERIOR;PEDAGOGIA;119389
CURSOS DA ÁREA DE ENGENHARIA E CIÊNCIA DA COMPUTAÇÃO;ENGENHARIA CIVIL E AMBIENTAL  ARQUITETURA E CURSOS RELACIONADOS;118417
CURSOS DA AREA DE SAUDE;SERVIÇO SOCIAL  FONOAUDIOLOGIA  TERAPIA OCUPACIONAL E CURSOS RELACIONADOS;118532
CURSOS NAO PRIORITARIOS;CIÊNCIAS SOCIAIS  POLÍTICAS  ECONÔMICAS E CONTÁBEIS  PSICOLOGIA E SECRETARIADO;122145
CURSOS DA AREA DE SAUDE;ENFERMAGEM  FISIOTERAPIA  FARMÁCIA  NUTRIÇÃO E CURSOS RELACIONADOS;118487
CURSOS NAO PRIORITARIOS;MODA  DESENHO INDUSTRIAL  MUSEOLOGIA  CINEMA E CURSOS RELACIONADOS;120970
CURSOS NAO PRIORITARIOS;MEDICINA VETERINÁRIA;121268
CURSOS DA ÁREA DE ENGENHARIA E CIÊNCIA DA COMPUTAÇÃO;ENGENHARIA CIVIL E AMBIENTAL  ARQUITETURA E CURSOS RELACIONADOS;121088
CURSOS NAO PRIORITARIOS;ADMINISTRAÇÃO  ADMINISTRAÇÃO PÚBLICA  GESTÃO  LOGÍSTICA  NEGÓCIOS E CURSOS RELACIONADOS;120769
CURSOS NAO PRIORITARIOS;CIÊNCIAS BIOLÓGICAS (BEL)  BIOMEDICINA  BIOTECNOLOGIA E CURSOS RELACIONADOS;120311
CURSOS NAO PRIORITARIOS;CIÊNCIAS SOCIAIS  POLÍTICAS  ECONÔMICAS E CONTÁBEIS  PSICOLOGIA E SECRETARIADO;121534
CURSOS DA ÁREA DE ENGENHARIA E CIÊNCIA DA COMPUTAÇÃO;CIÊNCIA DA COMPUTAÇÃO E SISTEMAS DE INFORMAÇÃO E CURSOS RELACIONADOS;118075
CURSOS DA AREA DE SAUDE;ENFERMAGEM  FISIOTERAPIA  FARMÁCIA  NUTRIÇÃO E CURSOS RELACIONADOS;121470
CURSOS DA AREA DE SAUDE;ENFERMAGEM  FISIOTERAPIA  FARMÁCIA  NUTRIÇÃO E CURSOS RELACIONADOS;121709
CURSOS NAO PRIORITARIOS;CIÊNCIAS SOCIAIS  POLÍTICAS  ECONÔMICAS E CONTÁBEIS  PSICOLOGIA E SECRETARIADO;119409
CURSOS DA AREA DE SAUDE;ENFERMAGEM  FISIOTERAPIA  FARMÁCIA  NUTRIÇÃO E CURSOS RELACIONADOS;122195
CURSOS NAO PRIORITARIOS;CIÊNCIAS SOCIAIS  POLÍTICAS  ECONÔMICAS E CONTÁBEIS  PSICOLOGIA E SECRETARIADO;121753
CURSOS NAO PRIORITARIOS;HOTELARIA E TURISMO  GASTRONOMIA E CURSOS RELACIONADOS;118591
CURSOS DA AREA DE SAUDE;ENFERMAGEM  FISIOTERAPIA  FARMÁCIA  NUTRIÇÃO E CURSOS RELACIONADOS;120383
CURSOS DA AREA DE SAUDE;ENFERMAGEM  FISIOTERAPIA  FARMÁCIA  NUTRIÇÃO E CURSOS RELACIONADOS;118627
CURSOS NAO PRIORITARIOS;CIÊNCIAS BIOLÓGICAS (BEL)  BIOMEDICINA  BIOTECNOLOGIA E CURSOS RELACIONADOS;118963
CURSOS NAO PRIORITARIOS;CIÊNCIAS SOCIAIS  POLÍTICAS  ECONÔMICAS E CONTÁBEIS  PSICOLOGIA E SECRETARIADO;121062
CURSOS DA AREA DE SAUDE;ENFERMAGEM  FISIOTERAPIA  FARMÁCIA  NUTRIÇÃO E CURSOS RELACIONADOS;119950
CURSOS DA ÁREA DE ENGENHARIA E CIÊNCIA DA COMPUTAÇÃO;CIÊNCIA DA COMPUTAÇÃO E SISTEMAS DE INFORMAÇÃO E CURSOS RELACIONADOS;118440
CURSOS DA ÁREA DE LICENCIATURA PEDAGOGIA E NORMAL SUPERIOR;HISTÓRIA (LIC)  GEOGRAFIA (LIC)  EDUCAÇÃO FÍSICA (LIC) E CURSOS RELACIONADOS;118093
CURSOS NAO PRIORITARIOS;ADMINISTRAÇÃO  ADMINISTRAÇÃO PÚBLICA  GESTÃO  LOGÍSTICA  NEGÓCIOS E CURSOS RELACIONADOS;121244
CURSOS DA AREA DE SAUDE;ENFERMAGEM  FISIOTERAPIA  FARMÁCIA  NUTRIÇÃO E CURSOS RELACIONADOS;121174
CURSOS NAO PRIORITARIOS;COMUNICAÇÃO SOCIAL  JORNALISMO  PUBLICIDADE  MARKETING E CURSOS RELACIONADOS;119742
CURSOS DA AREA DE SAUDE;ENFERMAGEM  FISIOTERAPIA  FARMÁCIA  NUTRIÇÃO E CURSOS RELACIONADOS;120054
CURSOS DA ÁREA DE LICENCIATURA PEDAGOGIA E NORMAL SUPERIOR;PEDAGOGIA;120216
CURSOS DA ÁREA DE LICENCIATURA PEDAGOGIA E NORMAL SUPERIOR;PEDAGOGIA;118210
CURSOS NAO PRIORITARIOS;DIREITO  COMÉRCIO EXTERIOR  BIBLIOTECONOMIA E CURSOS RELACIONADOS;121884
CURSOS NAO PRIORITARIOS;MEDICINA VETERINÁRIA;122113
CURSOS NAO PRIORITARIOS;MEDICINA VETERINÁRIA;119561
CURSOS NAO PRIORITARIOS;CIÊNCIAS SOCIAIS  POLÍTICAS  ECONÔMICAS E CONTÁBEIS  PSICOLOGIA E SECRETARIADO;120884
CURSOS DA AREA DE SAUDE;ENFERMAGEM  FISIOTERAPIA  FARMÁCIA  NUTRIÇÃO E CURSOS RELACIONADOS;119868
CURSOS DA AREA DE SAUDE;ENFERMAGEM  FISIOTERAPIA  FARMÁCIA  NUTRIÇÃO E CURSOS RELACIONADOS;120593
CURSOS NAO PRIORITARIOS;DIREITO  COMÉRCIO EXTERIOR  BIBLIOTECONOMIA E CURSOS RELACIONADOS;121912
CURSOS NAO PRIORITARIOS;ADMINISTRAÇÃO  ADMINISTRAÇÃO PÚBLICA  GESTÃO  LOGÍSTICA  NEGÓCIOS E CURSOS RELACIONADOS;118522
CURSOS DA ÁREA DE ENGENHARIA E CIÊNCIA DA COMPUTAÇÃO;CIÊNCIA DA COMPUTAÇÃO E SISTEMAS DE INFORMAÇÃO E CURSOS RELACIONADOS;121580
CURSOS DA AREA DE SAUDE;ODONTOLOGIA  QUIROPRAXIA  FÍSICA MÉDICA E NATUROLOGIA;120917
CURSOS NAO PRIORITARIOS;ADMINISTRAÇÃO  ADMINISTRAÇÃO PÚBLICA  GESTÃO  LOGÍSTICA  NEGÓCIOS E CURSOS RELACIONADOS;120461
CURSOS NAO PRIORITARIOS;HOTELARIA E TURISMO  GASTRONOMIA E CURSOS RELACIONADOS;119187
CURSOS NAO PRIORITARIOS;CIÊNCIAS SOCIAIS  POLÍTICAS  ECONÔMICAS E CONTÁBEIS  PSICOLOGIA E SECRETARIADO;119282
CURSOS NAO PRIORITARIOS;CIÊNCIAS SOCIAIS  POLÍTICAS  ECONÔMICAS E CONTÁBEIS  PSICOLOGIA E SECRETARIADO;122038
CURSOS DA AREA DE SAUDE;ENFERMAGEM  FISIOTERAPIA  FARMÁCIA  NUTRIÇÃO E CURSOS RELACIONADOS;120737
CURSOS DA AREA DE SAUDE;ODONTOLOGIA  QUIROPRAXIA  FÍSICA MÉDICA E NATUROLOGIA;121673
CURSOS DA ÁREA DE LICENCIATURA PEDAGOGIA E NORMAL SUPERIOR;LETRAS - IDIOMAS  FÍSICA (LIC)  QUÍMICA (LIC) E CURSOS RELACIONADOS;117976
CURSOS DA AREA DE SAUDE;ODONTOLOGIA  QUIROPRAXIA  FÍSICA MÉDICA E NATUROLOGIA;119947
CURSOS NAO PRIORITARIOS;ADMINISTRAÇÃO  ADMINISTRAÇÃO PÚBLICA  GESTÃO  LOGÍSTICA  NEGÓCIOS E CURSOS RELACIONADOS;118369
CURSOS NAO PRIORITARIOS;DIREITO  COMÉRCIO EXTERIOR  BIBLIOTECONOMIA E CURSOS RELACIONADOS;121749
CURSOS NAO PRIORITARIOS;CIÊNCIAS BIOLÓGICAS (BEL)  BIOMEDICINA  BIOTECNOLOGIA E CURSOS RELACIONADOS;120831
CURSOS DA ÁREA DE LICENCIATURA PEDAGOGIA E NORMAL SUPERIOR;PEDAGOGIA;118559
CURSOS DA AREA DE SAUDE;MEDICINA;121051
CURSOS NAO PRIORITARIOS;DIREITO  COMÉRCIO EXTERIOR  BIBLIOTECONOMIA E CURSOS RELACIONADOS;120119
CURSOS DA ÁREA DE ENGENHARIA E CIÊNCIA DA COMPUTAÇÃO;CIÊNCIA DA COMPUTAÇÃO E SISTEMAS DE INFORMAÇÃO E CURSOS RELACIONADOS;121301
CURSOS NAO PRIORITARIOS;COMUNICAÇÃO  DESIGN  AUDIO VISUAL E CURSOS RELACIONADOS;120969
CURSOS DA AREA DE SAUDE;ENFERMAGEM  FISIOTERAPIA  FARMÁCIA  NUTRIÇÃO E CURSOS RELACIONADOS;119927
CURSOS NAO PRIORITARIOS;CIÊNCIAS BIOLÓGICAS (BEL)  BIOMEDICINA  BIOTECNOLOGIA E CURSOS RELACIONADOS;120832
CURSOS DA ÁREA DE ENGENHARIA E CIÊNCIA DA COMPUTAÇÃO;ENGENHARIA DE PRODUÇÃO  DE MATERIAIS E CURSOS RELACIONADOS;120789
CURSOS DA ÁREA DE ENGENHARIA E CIÊNCIA DA COMPUTAÇÃO;ENGENHARIA CIVIL E AMBIENTAL  ARQUITETURA E CURSOS RELACIONADOS;119158
CURSOS DA ÁREA DE LICENCIATURA PEDAGOGIA E NORMAL SUPERIOR;LETRAS - IDIOMAS  FÍSICA (LIC)  QUÍMICA (LIC) E CURSOS RELACIONADOS;122213
CURSOS NAO PRIORITARIOS;MEDICINA VETERINÁRIA;118938
CURSOS DA ÁREA DE ENGENHARIA E CIÊNCIA DA COMPUTAÇÃO;ENGENHARIA ELÉTRICA  ELETRÔNICA  DA COMPUTAÇÃO E CURSOS RELACIONADOS;119795
CURSOS DA ÁREA DE LICENCIATURA PEDAGOGIA E NORMAL SUPERIOR;ARTES  CIÊNCIAS SOCIAIS E CURSOS RELACIONADOS;121774
CURSOS DA ÁREA DE LICENCIATURA PEDAGOGIA E NORMAL SUPERIOR;PEDAGOGIA;118193
CURSOS NAO PRIORITARIOS;AGRONOMIA  ZOOTECNIA  ENGENHARIA FLORESTAL E CURSOS RELACIONADOS;118251
CURSOS NAO PRIORITARIOS;HOTELARIA E TURISMO  GASTRONOMIA E CURSOS RELACIONADOS;119919
CURSOS DA ÁREA DE ENGENHARIA E CIÊNCIA DA COMPUTAÇÃO;ENGENHARIA ELÉTRICA  ELETRÔNICA  DA COMPUTAÇÃO E CURSOS RELACIONADOS;120611
CURSOS NAO PRIORITARIOS;ADMINISTRAÇÃO  ADMINISTRAÇÃO PÚBLICA  GESTÃO  LOGÍSTICA  NEGÓCIOS E CURSOS RELACIONADOS;118580
CURSOS NAO PRIORITARIOS;CIÊNCIAS SOCIAIS  POLÍTICAS  ECONÔMICAS E CONTÁBEIS  PSICOLOGIA E SECRETARIADO;121604
CURSOS NAO PRIORITARIOS;ADMINISTRAÇÃO  ADMINISTRAÇÃO PÚBLICA  GESTÃO  LOGÍSTICA  NEGÓCIOS E CURSOS RELACIONADOS;119640
CURSOS DA AREA DE SAUDE;ENFERMAGEM  FISIOTERAPIA  FARMÁCIA  NUTRIÇÃO E CURSOS RELACIONADOS;120138
CURSOS DA ÁREA DE ENGENHARIA E CIÊNCIA DA COMPUTAÇÃO;ENGENHARIA DE PRODUÇÃO  DE MATERIAIS E CURSOS RELACIONADOS;120481
CURSOS DA ÁREA DE LICENCIATURA PEDAGOGIA E NORMAL SUPERIOR;HISTÓRIA (LIC)  GEOGRAFIA (LIC)  EDUCAÇÃO FÍSICA (LIC) E CURSOS RELACIONADOS;122218
CURSOS DA ÁREA DE LICENCIATURA PEDAGOGIA E NORMAL SUPERIOR;PEDAGOGIA;118605
CURSOS DA ÁREA DE ENGENHARIA E CIÊNCIA DA COMPUTAÇÃO;ENGENHARIA CIVIL E AMBIENTAL  ARQUITETURA E CURSOS RELACIONADOS;122014
CURSOS NAO PRIORITARIOS;AGRONOMIA  ZOOTECNIA  ENGENHARIA FLORESTAL E CURSOS RELACIONADOS;122116
CURSOS DA AREA DE SAUDE;ENFERMAGEM  FISIOTERAPIA  FARMÁCIA  NUTRIÇÃO E CURSOS RELACIONADOS;120758
CURSOS DA ÁREA DE ENGENHARIA E CIÊNCIA DA COMPUTAÇÃO;ENGENHARIA DE PRODUÇÃO  DE MATERIAIS E CURSOS RELACIONADOS;120391
CURSOS DA AREA DE SAUDE;ENFERMAGEM  FISIOTERAPIA  FARMÁCIA  NUTRIÇÃO E CURSOS RELACIONADOS;122031
CURSOS NAO PRIORITARIOS;CIÊNCIAS SOCIAIS  POLÍTICAS  ECONÔMICAS E CONTÁBEIS  PSICOLOGIA E SECRETARIADO;119467
CURSOS NAO PRIORITARIOS;DIREITO  COMÉRCIO EXTERIOR  BIBLIOTECONOMIA E CURSOS RELACIONADOS;120417
CURSOS DA ÁREA DE LICENCIATURA PEDAGOGIA E NORMAL SUPERIOR;LETRAS - IDIOMAS  FÍSICA (LIC)  QUÍMICA (LIC) E CURSOS RELACIONADOS;119161
CURSOS DA ÁREA DE ENGENHARIA E CIÊNCIA DA COMPUTAÇÃO;ENGENHARIA CIVIL E AMBIENTAL  ARQUITETURA E CURSOS RELACIONADOS;120033
CURSOS DA AREA DE SAUDE;ENFERMAGEM  FISIOTERAPIA  FARMÁCIA  NUTRIÇÃO E CURSOS RELACIONADOS;122009
CURSOS DA AREA DE SAUDE;MEDICINA;120233
CURSOS DA AREA DE SAUDE;ODONTOLOGIA  QUIROPRAXIA  FÍSICA MÉDICA E NATUROLOGIA;120234
CURSOS NAO PRIORITARIOS;ESTÉTICA E COSMÉTICA  GESTÃO DO ESPORTE E CURSOS RELACIONADOS;122260
CURSOS DA ÁREA DE ENGENHARIA E CIÊNCIA DA COMPUTAÇÃO;ENGENHARIA QUÍMICA  DE ALIMENTOS  DE PETRÓLEO E CURSOS RELACIONADOS;120944
CURSOS DA ÁREA DE LICENCIATURA PEDAGOGIA E NORMAL SUPERIOR;HISTÓRIA (LIC)  GEOGRAFIA (LIC)  EDUCAÇÃO FÍSICA (LIC) E CURSOS RELACIONADOS;117980
CURSOS NAO PRIORITARIOS;ESTÉTICA E COSMÉTICA  GESTÃO DO ESPORTE E CURSOS RELACIONADOS;120325
CURSOS DA ÁREA DE LICENCIATURA PEDAGOGIA E NORMAL SUPERIOR;ARTES  CIÊNCIAS SOCIAIS E CURSOS RELACIONADOS;119090
CURSOS NAO PRIORITARIOS;CIÊNCIAS BIOLÓGICAS (BEL)  BIOMEDICINA  BIOTECNOLOGIA E CURSOS RELACIONADOS;121212
CURSOS DA AREA DE SAUDE;ENFERMAGEM  FISIOTERAPIA  FARMÁCIA  NUTRIÇÃO E CURSOS RELACIONADOS;118434
CURSOS NAO PRIORITARIOS;ADMINISTRAÇÃO  ADMINISTRAÇÃO PÚBLICA  GESTÃO  LOGÍSTICA  NEGÓCIOS E CURSOS RELACIONADOS;119753
CURSOS DA ÁREA DE ENGENHARIA E CIÊNCIA DA COMPUTAÇÃO;ENGENHARIA DE PRODUÇÃO  DE MATERIAIS E CURSOS RELACIONADOS;117904
CURSOS NAO PRIORITARIOS;CIÊNCIAS BIOLÓGICAS (BEL)  BIOMEDICINA  BIOTECNOLOGIA E CURSOS RELACIONADOS;118793
CURSOS DA ÁREA DE LICENCIATURA PEDAGOGIA E NORMAL SUPERIOR;HISTÓRIA (LIC)  GEOGRAFIA (LIC)  EDUCAÇÃO FÍSICA (LIC) E CURSOS RELACIONADOS;120273
CURSOS NAO PRIORITARIOS;CIÊNCIAS SOCIAIS  POLÍTICAS  ECONÔMICAS E CONTÁBEIS  PSICOLOGIA E SECRETARIADO;119103
CURSOS NAO PRIORITARIOS;COMUNICAÇÃO SOCIAL  JORNALISMO  PUBLICIDADE  MARKETING E CURSOS RELACIONADOS;121343
CURSOS NAO PRIORITARIOS;CIÊNCIAS SOCIAIS  POLÍTICAS  ECONÔMICAS E CONTÁBEIS  PSICOLOGIA E SECRETARIADO;120536
CURSOS DA ÁREA DE ENGENHARIA E CIÊNCIA DA COMPUTAÇÃO;ENGENHARIA CIVIL E AMBIENTAL  ARQUITETURA E CURSOS RELACIONADOS;118995
CURSOS NAO PRIORITARIOS;ADMINISTRAÇÃO  ADMINISTRAÇÃO PÚBLICA  GESTÃO  LOGÍSTICA  NEGÓCIOS E CURSOS RELACIONADOS;119821
CURSOS DA AREA DE SAUDE;SERVIÇO SOCIAL  FONOAUDIOLOGIA  TERAPIA OCUPACIONAL E CURSOS RELACIONADOS;120130
CURSOS DA ÁREA DE ENGENHARIA E CIÊNCIA DA COMPUTAÇÃO;ENGENHARIA CIVIL E AMBIENTAL  ARQUITETURA E CURSOS RELACIONADOS;117973
CURSOS NAO PRIORITARIOS;DIREITO  COMÉRCIO EXTERIOR  BIBLIOTECONOMIA E CURSOS RELACIONADOS;119936
CURSOS NAO PRIORITARIOS;COMUNICAÇÃO SOCIAL  JORNALISMO  PUBLICIDADE  MARKETING E CURSOS RELACIONADOS;119741
CURSOS NAO PRIORITARIOS;AGRONOMIA  ZOOTECNIA  ENGENHARIA FLORESTAL E CURSOS RELACIONADOS;118901
CURSOS DA ÁREA DE ENGENHARIA E CIÊNCIA DA COMPUTAÇÃO;CIÊNCIA DA COMPUTAÇÃO E SISTEMAS DE INFORMAÇÃO E CURSOS RELACIONADOS;117861
CURSOS NAO PRIORITARIOS;DIREITO  COMÉRCIO EXTERIOR  BIBLIOTECONOMIA E CURSOS RELACIONADOS;120174
CURSOS DA ÁREA DE LICENCIATURA PEDAGOGIA E NORMAL SUPERIOR;ARTES  CIÊNCIAS SOCIAIS E CURSOS RELACIONADOS;120868
CURSOS NAO PRIORITARIOS;DIREITO  COMÉRCIO EXTERIOR  BIBLIOTECONOMIA E CURSOS RELACIONADOS;118574
CURSOS NAO PRIORITARIOS;ADMINISTRAÇÃO  ADMINISTRAÇÃO PÚBLICA  GESTÃO  LOGÍSTICA  NEGÓCIOS E CURSOS RELACIONADOS;120580
CURSOS NAO PRIORITARIOS;ADMINISTRAÇÃO  ADMINISTRAÇÃO PÚBLICA  GESTÃO  LOGÍSTICA  NEGÓCIOS E CURSOS RELACIONADOS;119557
CURSOS NAO PRIORITARIOS;CIÊNCIAS BIOLÓGICAS (BEL)  BIOMEDICINA  BIOTECNOLOGIA E CURSOS RELACIONADOS;120312
CURSOS NAO PRIORITARIOS;DIREITO  COMÉRCIO EXTERIOR  BIBLIOTECONOMIA E CURSOS RELACIONADOS;118571
CURSOS DA ÁREA DE ENGENHARIA E CIÊNCIA DA COMPUTAÇÃO;ENGENHARIA CIVIL E AMBIENTAL  ARQUITETURA E CURSOS RELACIONADOS;121427
CURSOS DA ÁREA DE ENGENHARIA E CIÊNCIA DA COMPUTAÇÃO;ENGENHARIA CIVIL E AMBIENTAL  ARQUITETURA E CURSOS RELACIONADOS;121458
CURSOS NAO PRIORITARIOS;ADMINISTRAÇÃO  ADMINISTRAÇÃO PÚBLICA  GESTÃO  LOGÍSTICA  NEGÓCIOS E CURSOS RELACIONADOS;121494
CURSOS NAO PRIORITARIOS;COMUNICAÇÃO SOCIAL  JORNALISMO  PUBLICIDADE  MARKETING E CURSOS RELACIONADOS;120637
CURSOS NAO PRIORITARIOS;HOTELARIA E TURISMO  GASTRONOMIA E CURSOS RELACIONADOS;118854
CURSOS NAO PRIORITARIOS;MEDICINA VETERINÁRIA;121784
CURSOS DA ÁREA DE LICENCIATURA PEDAGOGIA E NORMAL SUPERIOR;PEDAGOGIA;120692
CURSOS DA ÁREA DE ENGENHARIA E CIÊNCIA DA COMPUTAÇÃO;CIÊNCIA DA COMPUTAÇÃO E SISTEMAS DE INFORMAÇÃO E CURSOS RELACIONADOS;121303
CURSOS DA ÁREA DE LICENCIATURA PEDAGOGIA E NORMAL SUPERIOR;HISTÓRIA (LIC)  GEOGRAFIA (LIC)  EDUCAÇÃO FÍSICA (LIC) E CURSOS RELACIONADOS;119892
CURSOS DA AREA DE SAUDE;ENFERMAGEM  FISIOTERAPIA  FARMÁCIA  NUTRIÇÃO E CURSOS RELACIONADOS;121381
CURSOS DA ÁREA DE ENGENHARIA E CIÊNCIA DA COMPUTAÇÃO;CIÊNCIA DA COMPUTAÇÃO E SISTEMAS DE INFORMAÇÃO E CURSOS RELACIONADOS;119361
CURSOS DA AREA DE SAUDE;SERVIÇO SOCIAL  FONOAUDIOLOGIA  TERAPIA OCUPACIONAL E CURSOS RELACIONADOS;122053
CURSOS DA AREA DE SAUDE;ENFERMAGEM  FISIOTERAPIA  FARMÁCIA  NUTRIÇÃO E CURSOS RELACIONADOS;120113
CURSOS DA AREA DE SAUDE;ENFERMAGEM  FISIOTERAPIA  FARMÁCIA  NUTRIÇÃO E CURSOS RELACIONADOS;121658
CURSOS DA AREA DE SAUDE;MEDICINA;120378
CURSOS DA ÁREA DE ENGENHARIA E CIÊNCIA DA COMPUTAÇÃO;CIÊNCIA DA COMPUTAÇÃO E SISTEMAS DE INFORMAÇÃO E CURSOS RELACIONADOS;121512
CURSOS NAO PRIORITARIOS;CIÊNCIAS SOCIAIS  POLÍTICAS  ECONÔMICAS E CONTÁBEIS  PSICOLOGIA E SECRETARIADO;119209
CURSOS NAO PRIORITARIOS;DIREITO  COMÉRCIO EXTERIOR  BIBLIOTECONOMIA E CURSOS RELACIONADOS;120698
CURSOS NAO PRIORITARIOS;CIÊNCIAS BIOLÓGICAS (BEL)  BIOMEDICINA  BIOTECNOLOGIA E CURSOS RELACIONADOS;118355
CURSOS NAO PRIORITARIOS;DIREITO  COMÉRCIO EXTERIOR  BIBLIOTECONOMIA E CURSOS RELACIONADOS;120991
CURSOS DA ÁREA DE ENGENHARIA E CIÊNCIA DA COMPUTAÇÃO;CIÊNCIA DA COMPUTAÇÃO E SISTEMAS DE INFORMAÇÃO E CURSOS RELACIONADOS;120389
CURSOS NAO PRIORITARIOS;CIÊNCIAS BIOLÓGICAS (BEL)  BIOMEDICINA  BIOTECNOLOGIA E CURSOS RELACIONADOS;121358
CURSOS DA ÁREA DE LICENCIATURA PEDAGOGIA E NORMAL SUPERIOR;HISTÓRIA (LIC)  GEOGRAFIA (LIC)  EDUCAÇÃO FÍSICA (LIC) E CURSOS RELACIONADOS;118236
CURSOS DA ÁREA DE LICENCIATURA PEDAGOGIA E NORMAL SUPERIOR;PEDAGOGIA;120962
CURSOS NAO PRIORITARIOS;CIÊNCIAS BIOLÓGICAS (BEL)  BIOMEDICINA  BIOTECNOLOGIA E CURSOS RELACIONADOS;121113
CURSOS NAO PRIORITARIOS;CIÊNCIAS BIOLÓGICAS (BEL)  BIOMEDICINA  BIOTECNOLOGIA E CURSOS RELACIONADOS;119289
CURSOS DA AREA DE SAUDE;SERVIÇO SOCIAL  FONOAUDIOLOGIA  TERAPIA OCUPACIONAL E CURSOS RELACIONADOS;119357
CURSOS DA ÁREA DE ENGENHARIA E CIÊNCIA DA COMPUTAÇÃO;ENGENHARIA CIVIL E AMBIENTAL  ARQUITETURA E CURSOS RELACIONADOS;119841
CURSOS NAO PRIORITARIOS;CIÊNCIAS SOCIAIS  POLÍTICAS  ECONÔMICAS E CONTÁBEIS  PSICOLOGIA E SECRETARIADO;118174
CURSOS DA ÁREA DE ENGENHARIA E CIÊNCIA DA COMPUTAÇÃO;CIÊNCIA DA COMPUTAÇÃO E SISTEMAS DE INFORMAÇÃO E CURSOS RELACIONADOS;122058
CURSOS NAO PRIORITARIOS;COMUNICAÇÃO SOCIAL  JORNALISMO  PUBLICIDADE  MARKETING E CURSOS RELACIONADOS;121911
CURSOS NAO PRIORITARIOS;DIREITO  COMÉRCIO EXTERIOR  BIBLIOTECONOMIA E CURSOS RELACIONADOS;122235
CURSOS DA ÁREA DE ENGENHARIA E CIÊNCIA DA COMPUTAÇÃO;ENGENHARIA ELÉTRICA  ELETRÔNICA  DA COMPUTAÇÃO E CURSOS RELACIONADOS;120447
CURSOS DA ÁREA DE ENGENHARIA E CIÊNCIA DA COMPUTAÇÃO;CIÊNCIA DA COMPUTAÇÃO E SISTEMAS DE INFORMAÇÃO E CURSOS RELACIONADOS;119955
CURSOS DA ÁREA DE ENGENHARIA E CIÊNCIA DA COMPUTAÇÃO;CIÊNCIA DA COMPUTAÇÃO E SISTEMAS DE INFORMAÇÃO E CURSOS RELACIONADOS;119696
CURSOS DA AREA DE SAUDE;ODONTOLOGIA  QUIROPRAXIA  FÍSICA MÉDICA E NATUROLOGIA;119139
CURSOS DA AREA DE SAUDE;ENFERMAGEM  FISIOTERAPIA  FARMÁCIA  NUTRIÇÃO E CURSOS RELACIONADOS;118862
CURSOS NAO PRIORITARIOS;CIÊNCIAS SOCIAIS  POLÍTICAS  ECONÔMICAS E CONTÁBEIS  PSICOLOGIA E SECRETARIADO;120420
CURSOS DA ÁREA DE LICENCIATURA PEDAGOGIA E NORMAL SUPERIOR;PEDAGOGIA;120627
CURSOS NAO PRIORITARIOS;COMUNICAÇÃO SOCIAL  JORNALISMO  PUBLICIDADE  MARKETING E CURSOS RELACIONADOS;117993
CURSOS NAO PRIORITARIOS;DIREITO  COMÉRCIO EXTERIOR  BIBLIOTECONOMIA E CURSOS RELACIONADOS;119849
CURSOS NAO PRIORITARIOS;DIREITO  COMÉRCIO EXTERIOR  BIBLIOTECONOMIA E CURSOS RELACIONADOS;121828
CURSOS NAO PRIORITARIOS;DIREITO  COMÉRCIO EXTERIOR  BIBLIOTECONOMIA E CURSOS RELACIONADOS;119208
CURSOS NAO PRIORITARIOS;DIREITO  COMÉRCIO EXTERIOR  BIBLIOTECONOMIA E CURSOS RELACIONADOS;120748
CURSOS DA AREA DE SAUDE;ENFERMAGEM  FISIOTERAPIA  FARMÁCIA  NUTRIÇÃO E CURSOS RELACIONADOS;117935
CURSOS DA AREA DE SAUDE;ENFERMAGEM  FISIOTERAPIA  FARMÁCIA  NUTRIÇÃO E CURSOS RELACIONADOS;119781
CURSOS DA AREA DE SAUDE;ENFERMAGEM  FISIOTERAPIA  FARMÁCIA  NUTRIÇÃO E CURSOS RELACIONADOS;121707
CURSOS DA ÁREA DE ENGENHARIA E CIÊNCIA DA COMPUTAÇÃO;ENGENHARIA CIVIL E AMBIENTAL  ARQUITETURA E CURSOS RELACIONADOS;120615
CURSOS DA AREA DE SAUDE;ENFERMAGEM  FISIOTERAPIA  FARMÁCIA  NUTRIÇÃO E CURSOS RELACIONADOS;119780
CURSOS DA ÁREA DE ENGENHARIA E CIÊNCIA DA COMPUTAÇÃO;ENGENHARIA QUÍMICA  DE ALIMENTOS  DE PETRÓLEO E CURSOS RELACIONADOS;120614
CURSOS DA AREA DE SAUDE;ENFERMAGEM  FISIOTERAPIA  FARMÁCIA  NUTRIÇÃO E CURSOS RELACIONADOS;120180
CURSOS NAO PRIORITARIOS;ADMINISTRAÇÃO  ADMINISTRAÇÃO PÚBLICA  GESTÃO  LOGÍSTICA  NEGÓCIOS E CURSOS RELACIONADOS;120729
CURSOS NAO PRIORITARIOS;ADMINISTRAÇÃO  ADMINISTRAÇÃO PÚBLICA  GESTÃO  LOGÍSTICA  NEGÓCIOS E CURSOS RELACIONADOS;121211
CURSOS NAO PRIORITARIOS;ADMINISTRAÇÃO  ADMINISTRAÇÃO PÚBLICA  GESTÃO  LOGÍSTICA  NEGÓCIOS E CURSOS RELACIONADOS;121564
CURSOS DA ÁREA DE LICENCIATURA PEDAGOGIA E NORMAL SUPERIOR;BIOLOGIA (LIC)  MATEMÁTICA (LIC)  LETRAS-PORTUGUÊS E CURSOS RELACIONADOS;121597
CURSOS DA ÁREA DE LICENCIATURA PEDAGOGIA E NORMAL SUPERIOR;LETRAS - IDIOMAS  FÍSICA (LIC)  QUÍMICA (LIC) E CURSOS RELACIONADOS;118553
CURSOS NAO PRIORITARIOS;MODA  DESENHO INDUSTRIAL  MUSEOLOGIA  CINEMA E CURSOS RELACIONADOS;121485
CURSOS NAO PRIORITARIOS;CIÊNCIAS SOCIAIS  POLÍTICAS  ECONÔMICAS E CONTÁBEIS  PSICOLOGIA E SECRETARIADO;120042
CURSOS DA ÁREA DE ENGENHARIA E CIÊNCIA DA COMPUTAÇÃO;ENGENHARIA MECÂNICA  AERONÁUTICA  NAVAL E CURSOS RELACIONADOS;120858
CURSOS NAO PRIORITARIOS;HOTELARIA E TURISMO  GASTRONOMIA E CURSOS RELACIONADOS;120898
CURSOS NAO PRIORITARIOS;ESTÉTICA E COSMÉTICA  GESTÃO DO ESPORTE E CURSOS RELACIONADOS;121222
CURSOS NAO PRIORITARIOS;ADMINISTRAÇÃO  ADMINISTRAÇÃO PÚBLICA  GESTÃO  LOGÍSTICA  NEGÓCIOS E CURSOS RELACIONADOS;119286
CURSOS DA ÁREA DE LICENCIATURA PEDAGOGIA E NORMAL SUPERIOR;PEDAGOGIA;119895
CURSOS DA ÁREA DE LICENCIATURA PEDAGOGIA E NORMAL SUPERIOR;HISTÓRIA (LIC)  GEOGRAFIA (LIC)  EDUCAÇÃO FÍSICA (LIC) E CURSOS RELACIONADOS;121877
CURSOS NAO PRIORITARIOS;MEDICINA VETERINÁRIA;119913
CURSOS DA ÁREA DE ENGENHARIA E CIÊNCIA DA COMPUTAÇÃO;ENGENHARIA ELÉTRICA  ELETRÔNICA  DA COMPUTAÇÃO E CURSOS RELACIONADOS;120862
CURSOS NAO PRIORITARIOS;CIÊNCIAS SOCIAIS  POLÍTICAS  ECONÔMICAS E CONTÁBEIS  PSICOLOGIA E SECRETARIADO;121348
CURSOS NAO PRIORITARIOS;AGRONOMIA  ZOOTECNIA  ENGENHARIA FLORESTAL E CURSOS RELACIONADOS;119512
CURSOS DA ÁREA DE ENGENHARIA E CIÊNCIA DA COMPUTAÇÃO;ENGENHARIA ELÉTRICA  ELETRÔNICA  DA COMPUTAÇÃO E CURSOS RELACIONADOS;121817
CURSOS NAO PRIORITARIOS;DIREITO  COMÉRCIO EXTERIOR  BIBLIOTECONOMIA E CURSOS RELACIONADOS;121778
CURSOS NAO PRIORITARIOS;ADMINISTRAÇÃO  ADMINISTRAÇÃO PÚBLICA  GESTÃO  LOGÍSTICA  NEGÓCIOS E CURSOS RELACIONADOS;120367
CURSOS DA ÁREA DE LICENCIATURA PEDAGOGIA E NORMAL SUPERIOR;LETRAS - IDIOMAS  FÍSICA (LIC)  QUÍMICA (LIC) E CURSOS RELACIONADOS;120009
CURSOS NAO PRIORITARIOS;AGRONOMIA  ZOOTECNIA  ENGENHARIA FLORESTAL E CURSOS RELACIONADOS;121920
CURSOS NAO PRIORITARIOS;CIÊNCIAS BIOLÓGICAS (BEL)  BIOMEDICINA  BIOTECNOLOGIA E CURSOS RELACIONADOS;119108
CURSOS NAO PRIORITARIOS;ADMINISTRAÇÃO  ADMINISTRAÇÃO PÚBLICA  GESTÃO  LOGÍSTICA  NEGÓCIOS E CURSOS RELACIONADOS;121756
CURSOS NAO PRIORITARIOS;CIÊNCIAS SOCIAIS  POLÍTICAS  ECONÔMICAS E CONTÁBEIS  PSICOLOGIA E SECRETARIADO;119850
CURSOS NAO PRIORITARIOS;CIÊNCIAS SOCIAIS  POLÍTICAS  ECONÔMICAS E CONTÁBEIS  PSICOLOGIA E SECRETARIADO;121950
CURSOS DA ÁREA DE ENGENHARIA E CIÊNCIA DA COMPUTAÇÃO;ENGENHARIA ELÉTRICA  ELETRÔNICA  DA COMPUTAÇÃO E CURSOS RELACIONADOS;118445
CURSOS DA AREA DE SAUDE;ENFERMAGEM  FISIOTERAPIA  FARMÁCIA  NUTRIÇÃO E CURSOS RELACIONADOS;118860
CURSOS DA AREA DE SAUDE;SERVIÇO SOCIAL  FONOAUDIOLOGIA  TERAPIA OCUPACIONAL E CURSOS RELACIONADOS;118976
CURSOS DA ÁREA DE LICENCIATURA PEDAGOGIA E NORMAL SUPERIOR;PEDAGOGIA;122084
CURSOS NAO PRIORITARIOS;HOTELARIA E TURISMO  GASTRONOMIA E CURSOS RELACIONADOS;121167
CURSOS NAO PRIORITARIOS;ADMINISTRAÇÃO  ADMINISTRAÇÃO PÚBLICA  GESTÃO  LOGÍSTICA  NEGÓCIOS E CURSOS RELACIONADOS;121042
CURSOS DA AREA DE SAUDE;ENFERMAGEM  FISIOTERAPIA  FARMÁCIA  NUTRIÇÃO E CURSOS RELACIONADOS;117897
CURSOS DA ÁREA DE LICENCIATURA PEDAGOGIA E NORMAL SUPERIOR;PEDAGOGIA;120813
CURSOS NAO PRIORITARIOS;HOTELARIA E TURISMO  GASTRONOMIA E CURSOS RELACIONADOS;120319
CURSOS NAO PRIORITARIOS;DIREITO  COMÉRCIO EXTERIOR  BIBLIOTECONOMIA E CURSOS RELACIONADOS;119058
CURSOS DA AREA DE SAUDE;ODONTOLOGIA  QUIROPRAXIA  FÍSICA MÉDICA E NATUROLOGIA;119777
CURSOS DA ÁREA DE LICENCIATURA PEDAGOGIA E NORMAL SUPERIOR;PEDAGOGIA;118386
CURSOS DA ÁREA DE ENGENHARIA E CIÊNCIA DA COMPUTAÇÃO;ENGENHARIA CIVIL E AMBIENTAL  ARQUITETURA E CURSOS RELACIONADOS;121481
CURSOS NAO PRIORITARIOS;DIREITO  COMÉRCIO EXTERIOR  BIBLIOTECONOMIA E CURSOS RELACIONADOS;120190
CURSOS NAO PRIORITARIOS;CIÊNCIAS SOCIAIS  POLÍTICAS  ECONÔMICAS E CONTÁBEIS  PSICOLOGIA E SECRETARIADO;117917
CURSOS DA AREA DE SAUDE;ENFERMAGEM  FISIOTERAPIA  FARMÁCIA  NUTRIÇÃO E CURSOS RELACIONADOS;118515
CURSOS NAO PRIORITARIOS;DIREITO  COMÉRCIO EXTERIOR  BIBLIOTECONOMIA E CURSOS RELACIONADOS;121438
CURSOS NAO PRIORITARIOS;CIÊNCIAS SOCIAIS  POLÍTICAS  ECONÔMICAS E CONTÁBEIS  PSICOLOGIA E SECRETARIADO;119407
CURSOS NAO PRIORITARIOS;AGRONOMIA  ZOOTECNIA  ENGENHARIA FLORESTAL E CURSOS RELACIONADOS;119763
CURSOS DA ÁREA DE LICENCIATURA PEDAGOGIA E NORMAL SUPERIOR;PEDAGOGIA;120154
CURSOS DA ÁREA DE LICENCIATURA PEDAGOGIA E NORMAL SUPERIOR;ARTES  CIÊNCIAS SOCIAIS E CURSOS RELACIONADOS;120270
CURSOS DA AREA DE SAUDE;ENFERMAGEM  FISIOTERAPIA  FARMÁCIA  NUTRIÇÃO E CURSOS RELACIONADOS;119565
CURSOS DA AREA DE SAUDE;ENFERMAGEM  FISIOTERAPIA  FARMÁCIA  NUTRIÇÃO E CURSOS RELACIONADOS;119595
CURSOS NAO PRIORITARIOS;DIREITO  COMÉRCIO EXTERIOR  BIBLIOTECONOMIA E CURSOS RELACIONADOS;121238
CURSOS NAO PRIORITARIOS;DIREITO  COMÉRCIO EXTERIOR  BIBLIOTECONOMIA E CURSOS RELACIONADOS;118172
CURSOS DA ÁREA DE LICENCIATURA PEDAGOGIA E NORMAL SUPERIOR;HISTÓRIA (LIC)  GEOGRAFIA (LIC)  EDUCAÇÃO FÍSICA (LIC) E CURSOS RELACIONADOS;118132
CURSOS NAO PRIORITARIOS;COMUNICAÇÃO  DESIGN  AUDIO VISUAL E CURSOS RELACIONADOS;120354
CURSOS NAO PRIORITARIOS;CIÊNCIAS SOCIAIS  POLÍTICAS  ECONÔMICAS E CONTÁBEIS  PSICOLOGIA E SECRETARIADO;121440
CURSOS NAO PRIORITARIOS;ADMINISTRAÇÃO  ADMINISTRAÇÃO PÚBLICA  GESTÃO  LOGÍSTICA  NEGÓCIOS E CURSOS RELACIONADOS;121782
CURSOS NAO PRIORITARIOS;ADMINISTRAÇÃO  ADMINISTRAÇÃO PÚBLICA  GESTÃO  LOGÍSTICA  NEGÓCIOS E CURSOS RELACIONADOS;119820
CURSOS NAO PRIORITARIOS;DIREITO  COMÉRCIO EXTERIOR  BIBLIOTECONOMIA E CURSOS RELACIONADOS;119982
CURSOS NAO PRIORITARIOS;MODA  DESENHO INDUSTRIAL  MUSEOLOGIA  CINEMA E CURSOS RELACIONADOS;120287
CURSOS DA AREA DE SAUDE;ENFERMAGEM  FISIOTERAPIA  FARMÁCIA  NUTRIÇÃO E CURSOS RELACIONADOS;120200
CURSOS DA AREA DE SAUDE;MEDICINA;120667
CURSOS NAO PRIORITARIOS;ADMINISTRAÇÃO  ADMINISTRAÇÃO PÚBLICA  GESTÃO  LOGÍSTICA  NEGÓCIOS E CURSOS RELACIONADOS;118736
CURSOS NAO PRIORITARIOS;ENGENHARIA DE SEGURANÇA DO TRABALHO  GESTÃO EM SAÚDE E CURSOS RELACIONADOS;119435
CURSOS NAO PRIORITARIOS;ESTÉTICA E COSMÉTICA  GESTÃO DO ESPORTE E CURSOS RELACIONADOS;118311
CURSOS DA AREA DE SAUDE;ENFERMAGEM  FISIOTERAPIA  FARMÁCIA  NUTRIÇÃO E CURSOS RELACIONADOS;121414
CURSOS DA AREA DE SAUDE;ENFERMAGEM  FISIOTERAPIA  FARMÁCIA  NUTRIÇÃO E CURSOS RELACIONADOS;118224
CURSOS DA AREA DE SAUDE;ENFERMAGEM  FISIOTERAPIA  FARMÁCIA  NUTRIÇÃO E CURSOS RELACIONADOS;120548
CURSOS DA AREA DE SAUDE;SERVIÇO SOCIAL  FONOAUDIOLOGIA  TERAPIA OCUPACIONAL E CURSOS RELACIONADOS;120202
CURSOS NAO PRIORITARIOS;CIÊNCIAS BIOLÓGICAS (BEL)  BIOMEDICINA  BIOTECNOLOGIA E CURSOS RELACIONADOS;119472
CURSOS NAO PRIORITARIOS;CIÊNCIAS SOCIAIS  POLÍTICAS  ECONÔMICAS E CONTÁBEIS  PSICOLOGIA E SECRETARIADO;121157
CURSOS NAO PRIORITARIOS;CIÊNCIAS SOCIAIS  POLÍTICAS  ECONÔMICAS E CONTÁBEIS  PSICOLOGIA E SECRETARIADO;117999
CURSOS DA ÁREA DE ENGENHARIA E CIÊNCIA DA COMPUTAÇÃO;ENGENHARIA QUÍMICA  DE ALIMENTOS  DE PETRÓLEO E CURSOS RELACIONADOS;119373
CURSOS DA ÁREA DE ENGENHARIA E CIÊNCIA DA COMPUTAÇÃO;ENGENHARIA DE PRODUÇÃO  DE MATERIAIS E CURSOS RELACIONADOS;121971
CURSOS DA AREA DE SAUDE;SERVIÇO SOCIAL  FONOAUDIOLOGIA  TERAPIA OCUPACIONAL E CURSOS RELACIONADOS;118977
CURSOS NAO PRIORITARIOS;MEDICINA VETERINÁRIA;122112
CURSOS DA ÁREA DE ENGENHARIA E CIÊNCIA DA COMPUTAÇÃO;ENGENHARIA MECÂNICA  AERONÁUTICA  NAVAL E CURSOS RELACIONADOS;122063
CURSOS NAO PRIORITARIOS;COMUNICAÇÃO SOCIAL  JORNALISMO  PUBLICIDADE  MARKETING E CURSOS RELACIONADOS;119897
CURSOS NAO PRIORITARIOS;COMUNICAÇÃO SOCIAL  JORNALISMO  PUBLICIDADE  MARKETING E CURSOS RELACIONADOS;121747
CURSOS DA AREA DE SAUDE;ENFERMAGEM  FISIOTERAPIA  FARMÁCIA  NUTRIÇÃO E CURSOS RELACIONADOS;118805
CURSOS DA ÁREA DE ENGENHARIA E CIÊNCIA DA COMPUTAÇÃO;ENGENHARIA QUÍMICA  DE ALIMENTOS  DE PETRÓLEO E CURSOS RELACIONADOS;120613
CURSOS NAO PRIORITARIOS;DIREITO  COMÉRCIO EXTERIOR  BIBLIOTECONOMIA E CURSOS RELACIONADOS;120575
CURSOS DA AREA DE SAUDE;ENFERMAGEM  FISIOTERAPIA  FARMÁCIA  NUTRIÇÃO E CURSOS RELACIONADOS;121768
CURSOS DA AREA DE SAUDE;ENFERMAGEM  FISIOTERAPIA  FARMÁCIA  NUTRIÇÃO E CURSOS RELACIONADOS;120470
CURSOS NAO PRIORITARIOS;AGRONOMIA  ZOOTECNIA  ENGENHARIA FLORESTAL E CURSOS RELACIONADOS;120465
CURSOS DA ÁREA DE ENGENHARIA E CIÊNCIA DA COMPUTAÇÃO;ENGENHARIA QUÍMICA  DE ALIMENTOS  DE PETRÓLEO E CURSOS RELACIONADOS;120261
CURSOS DA ÁREA DE ENGENHARIA E CIÊNCIA DA COMPUTAÇÃO;ENGENHARIA MECÂNICA  AERONÁUTICA  NAVAL E CURSOS RELACIONADOS;121476
CURSOS DA AREA DE SAUDE;ODONTOLOGIA  QUIROPRAXIA  FÍSICA MÉDICA E NATUROLOGIA;121139
CURSOS DA ÁREA DE LICENCIATURA PEDAGOGIA E NORMAL SUPERIOR;ARTES  CIÊNCIAS SOCIAIS E CURSOS RELACIONADOS;119967
CURSOS DA ÁREA DE LICENCIATURA PEDAGOGIA E NORMAL SUPERIOR;PEDAGOGIA;118051
CURSOS NAO PRIORITARIOS;DIREITO  COMÉRCIO EXTERIOR  BIBLIOTECONOMIA E CURSOS RELACIONADOS;121666
CURSOS NAO PRIORITARIOS;DANÇA  TEOLOGIA  MÍDIAS SOCIAIS  DESIGN DE INTERIORES E CURSOS RELACIONADOS;120531
CURSOS DA AREA DE SAUDE;ENFERMAGEM  FISIOTERAPIA  FARMÁCIA  NUTRIÇÃO E CURSOS RELACIONADOS;120005
CURSOS NAO PRIORITARIOS;FÍSICA (BEL)  QUÍMICA (BEL)  MATEMÁTICA (BEL)  GEOGRAFIA (BEL) E CURSOS RELACIONADOS;121004
CURSOS DA ÁREA DE ENGENHARIA E CIÊNCIA DA COMPUTAÇÃO;ENGENHARIA CIVIL E AMBIENTAL  ARQUITETURA E CURSOS RELACIONADOS;118234
CURSOS NAO PRIORITARIOS;ADMINISTRAÇÃO  ADMINISTRAÇÃO PÚBLICA  GESTÃO  LOGÍSTICA  NEGÓCIOS E CURSOS RELACIONADOS;121243
CURSOS DA ÁREA DE ENGENHARIA E CIÊNCIA DA COMPUTAÇÃO;ENGENHARIA CIVIL E AMBIENTAL  ARQUITETURA E CURSOS RELACIONADOS;118778
CURSOS DA ÁREA DE ENGENHARIA E CIÊNCIA DA COMPUTAÇÃO;ENGENHARIA CIVIL E AMBIENTAL  ARQUITETURA E CURSOS RELACIONADOS;118029
CURSOS NAO PRIORITARIOS;CIÊNCIAS SOCIAIS  POLÍTICAS  ECONÔMICAS E CONTÁBEIS  PSICOLOGIA E SECRETARIADO;118173
CURSOS DA AREA DE SAUDE;MEDICINA;119944
CURSOS DA ÁREA DE ENGENHARIA E CIÊNCIA DA COMPUTAÇÃO;ENGENHARIA DE PRODUÇÃO  DE MATERIAIS E CURSOS RELACIONADOS;121183
CURSOS DA ÁREA DE ENGENHARIA E CIÊNCIA DA COMPUTAÇÃO;ENGENHARIA ELÉTRICA  ELETRÔNICA  DA COMPUTAÇÃO E CURSOS RELACIONADOS;120147
CURSOS DA AREA DE SAUDE;ENFERMAGEM  FISIOTERAPIA  FARMÁCIA  NUTRIÇÃO E CURSOS RELACIONADOS;118973
CURSOS DA ÁREA DE ENGENHARIA E CIÊNCIA DA COMPUTAÇÃO;ENGENHARIA CIVIL E AMBIENTAL  ARQUITETURA E CURSOS RELACIONADOS;119492
CURSOS DA ÁREA DE ENGENHARIA E CIÊNCIA DA COMPUTAÇÃO;ENGENHARIA DE PRODUÇÃO  DE MATERIAIS E CURSOS RELACIONADOS;119081
CURSOS NAO PRIORITARIOS;DIREITO  COMÉRCIO EXTERIOR  BIBLIOTECONOMIA E CURSOS RELACIONADOS;120727
CURSOS DA ÁREA DE LICENCIATURA PEDAGOGIA E NORMAL SUPERIOR;PEDAGOGIA;117982
CURSOS NAO PRIORITARIOS;CIÊNCIAS BIOLÓGICAS (BEL)  BIOMEDICINA  BIOTECNOLOGIA E CURSOS RELACIONADOS;119523
CURSOS NAO PRIORITARIOS;DIREITO  COMÉRCIO EXTERIOR  BIBLIOTECONOMIA E CURSOS RELACIONADOS;119207
CURSOS NAO PRIORITARIOS;CIÊNCIAS BIOLÓGICAS (BEL)  BIOMEDICINA  BIOTECNOLOGIA E CURSOS RELACIONADOS;121213
CURSOS NAO PRIORITARIOS;AGRONOMIA  ZOOTECNIA  ENGENHARIA FLORESTAL E CURSOS RELACIONADOS;121218
CURSOS DA ÁREA DE LICENCIATURA PEDAGOGIA E NORMAL SUPERIOR;HISTÓRIA (LIC)  GEOGRAFIA (LIC)  EDUCAÇÃO FÍSICA (LIC) E CURSOS RELACIONADOS;120811
CURSOS DA ÁREA DE ENGENHARIA E CIÊNCIA DA COMPUTAÇÃO;ENGENHARIA CIVIL E AMBIENTAL  ARQUITETURA E CURSOS RELACIONADOS;121593
CURSOS DA AREA DE SAUDE;MEDICINA;120126
CURSOS DA ÁREA DE ENGENHARIA E CIÊNCIA DA COMPUTAÇÃO;CIÊNCIA DA COMPUTAÇÃO E SISTEMAS DE INFORMAÇÃO E CURSOS RELACIONADOS;118707
CURSOS DA AREA DE SAUDE;SERVIÇO SOCIAL  FONOAUDIOLOGIA  TERAPIA OCUPACIONAL E CURSOS RELACIONADOS;119599
CURSOS NAO PRIORITARIOS;COMUNICAÇÃO  DESIGN  AUDIO VISUAL E CURSOS RELACIONADOS;118286
CURSOS DA AREA DE SAUDE;ENFERMAGEM  FISIOTERAPIA  FARMÁCIA  NUTRIÇÃO E CURSOS RELACIONADOS;121029
CURSOS NAO PRIORITARIOS;DIREITO  COMÉRCIO EXTERIOR  BIBLIOTECONOMIA E CURSOS RELACIONADOS;120039
CURSOS NAO PRIORITARIOS;CIÊNCIAS SOCIAIS  POLÍTICAS  ECONÔMICAS E CONTÁBEIS  PSICOLOGIA E SECRETARIADO;119749
CURSOS NAO PRIORITARIOS;CIÊNCIAS BIOLÓGICAS (BEL)  BIOMEDICINA  BIOTECNOLOGIA E CURSOS RELACIONADOS;121994
CURSOS DA AREA DE SAUDE;ODONTOLOGIA  QUIROPRAXIA  FÍSICA MÉDICA E NATUROLOGIA;119683
CURSOS DA AREA DE SAUDE;MEDICINA;120468
CURSOS DA ÁREA DE LICENCIATURA PEDAGOGIA E NORMAL SUPERIOR;PEDAGOGIA;119894
CURSOS NAO PRIORITARIOS;AGRONOMIA  ZOOTECNIA  ENGENHARIA FLORESTAL E CURSOS RELACIONADOS;118220
CURSOS DA ÁREA DE LICENCIATURA PEDAGOGIA E NORMAL SUPERIOR;LETRAS - IDIOMAS  FÍSICA (LIC)  QUÍMICA (LIC) E CURSOS RELACIONADOS;120867
CURSOS NAO PRIORITARIOS;DIREITO  COMÉRCIO EXTERIOR  BIBLIOTECONOMIA E CURSOS RELACIONADOS;119581
CURSOS DA ÁREA DE ENGENHARIA E CIÊNCIA DA COMPUTAÇÃO;ENGENHARIA CIVIL E AMBIENTAL  ARQUITETURA E CURSOS RELACIONADOS;117868
CURSOS DA ÁREA DE ENGENHARIA E CIÊNCIA DA COMPUTAÇÃO;ENGENHARIA CIVIL E AMBIENTAL  ARQUITETURA E CURSOS RELACIONADOS;121946
CURSOS DA AREA DE SAUDE;ENFERMAGEM  FISIOTERAPIA  FARMÁCIA  NUTRIÇÃO E CURSOS RELACIONADOS;120716
CURSOS DA AREA DE SAUDE;ODONTOLOGIA  QUIROPRAXIA  FÍSICA MÉDICA E NATUROLOGIA;121573
CURSOS NAO PRIORITARIOS;MEDICINA VETERINÁRIA;121498
CURSOS DA ÁREA DE ENGENHARIA E CIÊNCIA DA COMPUTAÇÃO;ENGENHARIA CIVIL E AMBIENTAL  ARQUITETURA E CURSOS RELACIONADOS;119965
CURSOS DA ÁREA DE LICENCIATURA PEDAGOGIA E NORMAL SUPERIOR;PEDAGOGIA;121879
CURSOS NAO PRIORITARIOS;DANÇA  TEOLOGIA  MÍDIAS SOCIAIS  DESIGN DE INTERIORES E CURSOS RELACIONADOS;120819
CURSOS NAO PRIORITARIOS;MEDICINA VETERINÁRIA;121568
CURSOS NAO PRIORITARIOS;COMUNICAÇÃO  DESIGN  AUDIO VISUAL E CURSOS RELACIONADOS;122085
CURSOS DA ÁREA DE ENGENHARIA E CIÊNCIA DA COMPUTAÇÃO;ENGENHARIA DE PRODUÇÃO  DE MATERIAIS E CURSOS RELACIONADOS;120557
CURSOS NAO PRIORITARIOS;CIÊNCIAS SOCIAIS  POLÍTICAS  ECONÔMICAS E CONTÁBEIS  PSICOLOGIA E SECRETARIADO;120223
CURSOS NAO PRIORITARIOS;ADMINISTRAÇÃO  ADMINISTRAÇÃO PÚBLICA  GESTÃO  LOGÍSTICA  NEGÓCIOS E CURSOS RELACIONADOS;120503
CURSOS DA ÁREA DE ENGENHARIA E CIÊNCIA DA COMPUTAÇÃO;CIÊNCIA DA COMPUTAÇÃO E SISTEMAS DE INFORMAÇÃO E CURSOS RELACIONADOS;120059
CURSOS DA ÁREA DE LICENCIATURA PEDAGOGIA E NORMAL SUPERIOR;HISTÓRIA (LIC)  GEOGRAFIA (LIC)  EDUCAÇÃO FÍSICA (LIC) E CURSOS RELACIONADOS;121731
CURSOS NAO PRIORITARIOS;MEDICINA VETERINÁRIA;120316
CURSOS NAO PRIORITARIOS;DIREITO  COMÉRCIO EXTERIOR  BIBLIOTECONOMIA E CURSOS RELACIONADOS;121664
CURSOS DA AREA DE SAUDE;SERVIÇO SOCIAL  FONOAUDIOLOGIA  TERAPIA OCUPACIONAL E CURSOS RELACIONADOS;121299
CURSOS NAO PRIORITARIOS;AGRONOMIA  ZOOTECNIA  ENGENHARIA FLORESTAL E CURSOS RELACIONADOS;118201
CURSOS DA AREA DE SAUDE;ODONTOLOGIA  QUIROPRAXIA  FÍSICA MÉDICA E NATUROLOGIA;119068
CURSOS NAO PRIORITARIOS;AGRONOMIA  ZOOTECNIA  ENGENHARIA FLORESTAL E CURSOS RELACIONADOS;118250
CURSOS NAO PRIORITARIOS;MODA  DESENHO INDUSTRIAL  MUSEOLOGIA  CINEMA E CURSOS RELACIONADOS;120972
CURSOS DA AREA DE SAUDE;ENFERMAGEM  FISIOTERAPIA  FARMÁCIA  NUTRIÇÃO E CURSOS RELACIONADOS;118861
CURSOS NAO PRIORITARIOS;CIÊNCIAS BIOLÓGICAS (BEL)  BIOMEDICINA  BIOTECNOLOGIA E CURSOS RELACIONADOS;121496
CURSOS DA ÁREA DE ENGENHARIA E CIÊNCIA DA COMPUTAÇÃO;ENGENHARIA CIVIL E AMBIENTAL  ARQUITETURA E CURSOS RELACIONADOS;120346
CURSOS DA ÁREA DE ENGENHARIA E CIÊNCIA DA COMPUTAÇÃO;ENGENHARIA ELÉTRICA  ELETRÔNICA  DA COMPUTAÇÃO E CURSOS RELACIONADOS;117867
CURSOS NAO PRIORITARIOS;CIÊNCIAS BIOLÓGICAS (BEL)  BIOMEDICINA  BIOTECNOLOGIA E CURSOS RELACIONADOS;120584
CURSOS DA ÁREA DE ENGENHARIA E CIÊNCIA DA COMPUTAÇÃO;CIÊNCIA DA COMPUTAÇÃO E SISTEMAS DE INFORMAÇÃO E CURSOS RELACIONADOS;121660
CURSOS DA ÁREA DE ENGENHARIA E CIÊNCIA DA COMPUTAÇÃO;ENGENHARIA DE PRODUÇÃO  DE MATERIAIS E CURSOS RELACIONADOS;120060
CURSOS NAO PRIORITARIOS;MÚSICA  FOTOGRAFIA  PRODUÇÃO MULTIMÍDIA E CURSOS RELACIONADOS;120290
CURSOS DA ÁREA DE ENGENHARIA E CIÊNCIA DA COMPUTAÇÃO;ENGENHARIA QUÍMICA  DE ALIMENTOS  DE PETRÓLEO E CURSOS RELACIONADOS;119615
CURSOS DA AREA DE SAUDE;SERVIÇO SOCIAL  FONOAUDIOLOGIA  TERAPIA OCUPACIONAL E CURSOS RELACIONADOS;120595
CURSOS DA ÁREA DE LICENCIATURA PEDAGOGIA E NORMAL SUPERIOR;PEDAGOGIA;119272
CURSOS NAO PRIORITARIOS;DIREITO  COMÉRCIO EXTERIOR  BIBLIOTECONOMIA E CURSOS RELACIONADOS;121751
CURSOS NAO PRIORITARIOS;DANÇA  TEOLOGIA  MÍDIAS SOCIAIS  DESIGN DE INTERIORES E CURSOS RELACIONADOS;120293
CURSOS NAO PRIORITARIOS;MEDICINA VETERINÁRIA;121215
CURSOS NAO PRIORITARIOS;ADMINISTRAÇÃO  ADMINISTRAÇÃO PÚBLICA  GESTÃO  LOGÍSTICA  NEGÓCIOS E CURSOS RELACIONADOS;120460
CURSOS DA AREA DE SAUDE;ODONTOLOGIA  QUIROPRAXIA  FÍSICA MÉDICA E NATUROLOGIA;121071
CURSOS NAO PRIORITARIOS;CIÊNCIAS BIOLÓGICAS (BEL)  BIOMEDICINA  BIOTECNOLOGIA E CURSOS RELACIONADOS;121115
CURSOS DA AREA DE SAUDE;SERVIÇO SOCIAL  FONOAUDIOLOGIA  TERAPIA OCUPACIONAL E CURSOS RELACIONADOS;119598
CURSOS NAO PRIORITARIOS;DIREITO  COMÉRCIO EXTERIOR  BIBLIOTECONOMIA E CURSOS RELACIONADOS;118893
CURSOS DA ÁREA DE LICENCIATURA PEDAGOGIA E NORMAL SUPERIOR;PEDAGOGIA;120764
CURSOS DA ÁREA DE ENGENHARIA E CIÊNCIA DA COMPUTAÇÃO;ENGENHARIA CIVIL E AMBIENTAL  ARQUITETURA E CURSOS RELACIONADOS;118718
CURSOS NAO PRIORITARIOS;HOTELARIA E TURISMO  GASTRONOMIA E CURSOS RELACIONADOS;121221
CURSOS NAO PRIORITARIOS;CIÊNCIAS SOCIAIS  POLÍTICAS  ECONÔMICAS E CONTÁBEIS  PSICOLOGIA E SECRETARIADO;121603
CURSOS DA ÁREA DE LICENCIATURA PEDAGOGIA E NORMAL SUPERIOR;PEDAGOGIA;118651
CURSOS DA ÁREA DE LICENCIATURA PEDAGOGIA E NORMAL SUPERIOR;PEDAGOGIA;119933
CURSOS NAO PRIORITARIOS;DIREITO  COMÉRCIO EXTERIOR  BIBLIOTECONOMIA E CURSOS RELACIONADOS;119098
CURSOS NAO PRIORITARIOS;CIÊNCIAS SOCIAIS  POLÍTICAS  ECONÔMICAS E CONTÁBEIS  PSICOLOGIA E SECRETARIADO;120421
CURSOS NAO PRIORITARIOS;ESTÉTICA E COSMÉTICA  GESTÃO DO ESPORTE E CURSOS RELACIONADOS;119771
CURSOS NAO PRIORITARIOS;CIÊNCIAS SOCIAIS  POLÍTICAS  ECONÔMICAS E CONTÁBEIS  PSICOLOGIA E SECRETARIADO;120095
CURSOS DA ÁREA DE ENGENHARIA E CIÊNCIA DA COMPUTAÇÃO;CIÊNCIA DA COMPUTAÇÃO E SISTEMAS DE INFORMAÇÃO E CURSOS RELACIONADOS;122059
CURSOS DA ÁREA DE LICENCIATURA PEDAGOGIA E NORMAL SUPERIOR;ARTES  CIÊNCIAS SOCIAIS E CURSOS RELACIONADOS;119889
CURSOS DA AREA DE SAUDE;ENFERMAGEM  FISIOTERAPIA  FARMÁCIA  NUTRIÇÃO E CURSOS RELACIONADOS;121943
CURSOS NAO PRIORITARIOS;CIÊNCIAS SOCIAIS  POLÍTICAS  ECONÔMICAS E CONTÁBEIS  PSICOLOGIA E SECRETARIADO;118034
CURSOS DA AREA DE SAUDE;ENFERMAGEM  FISIOTERAPIA  FARMÁCIA  NUTRIÇÃO E CURSOS RELACIONADOS;118026
CURSOS NAO PRIORITARIOS;CIÊNCIAS SOCIAIS  POLÍTICAS  ECONÔMICAS E CONTÁBEIS  PSICOLOGIA E SECRETARIADO;119236
CURSOS NAO PRIORITARIOS;MEDICINA VETERINÁRIA;117925
CURSOS DA ÁREA DE LICENCIATURA PEDAGOGIA E NORMAL SUPERIOR;ARTES  CIÊNCIAS SOCIAIS E CURSOS RELACIONADOS;119544
CURSOS DA ÁREA DE ENGENHARIA E CIÊNCIA DA COMPUTAÇÃO;ENGENHARIA CIVIL E AMBIENTAL  ARQUITETURA E CURSOS RELACIONADOS;118207
CURSOS NAO PRIORITARIOS;DIREITO  COMÉRCIO EXTERIOR  BIBLIOTECONOMIA E CURSOS RELACIONADOS;118839
CURSOS DA ÁREA DE LICENCIATURA PEDAGOGIA E NORMAL SUPERIOR;PEDAGOGIA;119973
CURSOS NAO PRIORITARIOS;MEDICINA VETERINÁRIA;121839
CURSOS DA ÁREA DE LICENCIATURA PEDAGOGIA E NORMAL SUPERIOR;PEDAGOGIA;120453
CURSOS DA ÁREA DE ENGENHARIA E CIÊNCIA DA COMPUTAÇÃO;ENGENHARIA ELÉTRICA  ELETRÔNICA  DA COMPUTAÇÃO E CURSOS RELACIONADOS;119084
CURSOS NAO PRIORITARIOS;MEDICINA VETERINÁRIA;120585
CURSOS NAO PRIORITARIOS;MEDICINA VETERINÁRIA;119423
CURSOS NAO PRIORITARIOS;MODA  DESENHO INDUSTRIAL  MUSEOLOGIA  CINEMA E CURSOS RELACIONADOS;121637
CURSOS NAO PRIORITARIOS;AGRONEGÓCIO  AGROINDÚSTRIA E CURSOS RELACIONADOS;119562
CURSOS NAO PRIORITARIOS;DIREITO  COMÉRCIO EXTERIOR  BIBLIOTECONOMIA E CURSOS RELACIONADOS;121600
CURSOS DA ÁREA DE LICENCIATURA PEDAGOGIA E NORMAL SUPERIOR;HISTÓRIA (LIC)  GEOGRAFIA (LIC)  EDUCAÇÃO FÍSICA (LIC) E CURSOS RELACIONADOS;121234
CURSOS NAO PRIORITARIOS;ENGENHARIA DE SEGURANÇA DO TRABALHO  GESTÃO EM SAÚDE E CURSOS RELACIONADOS;121024
CURSOS DA ÁREA DE ENGENHARIA E CIÊNCIA DA COMPUTAÇÃO;ENGENHARIA CIVIL E AMBIENTAL  ARQUITETURA E CURSOS RELACIONADOS;119542
CURSOS NAO PRIORITARIOS;CIÊNCIAS AERONÁUTICAS E CURSOS RELACIONADOS;122253
CURSOS NAO PRIORITARIOS;ESTÉTICA E COSMÉTICA  GESTÃO DO ESPORTE E CURSOS RELACIONADOS;118593
CURSOS NAO PRIORITARIOS;DIREITO  COMÉRCIO EXTERIOR  BIBLIOTECONOMIA E CURSOS RELACIONADOS;119900
CURSOS DA AREA DE SAUDE;ODONTOLOGIA  QUIROPRAXIA  FÍSICA MÉDICA E NATUROLOGIA;120844
CURSOS DA ÁREA DE ENGENHARIA E CIÊNCIA DA COMPUTAÇÃO;ENGENHARIA MECÂNICA  AERONÁUTICA  NAVAL E CURSOS RELACIONADOS;120257
CURSOS DA ÁREA DE ENGENHARIA E CIÊNCIA DA COMPUTAÇÃO;ENGENHARIA DE PRODUÇÃO  DE MATERIAIS E CURSOS RELACIONADOS;119957
CURSOS NAO PRIORITARIOS;ESTÉTICA E COSMÉTICA  GESTÃO DO ESPORTE E CURSOS RELACIONADOS;119920
CURSOS NAO PRIORITARIOS;AGRONOMIA  ZOOTECNIA  ENGENHARIA FLORESTAL E CURSOS RELACIONADOS;122251
CURSOS NAO PRIORITARIOS;DIREITO  COMÉRCIO EXTERIOR  BIBLIOTECONOMIA E CURSOS RELACIONADOS;117998
CURSOS DA ÁREA DE LICENCIATURA PEDAGOGIA E NORMAL SUPERIOR;HISTÓRIA (LIC)  GEOGRAFIA (LIC)  EDUCAÇÃO FÍSICA (LIC) E CURSOS RELACIONADOS;119578
CURSOS NAO PRIORITARIOS;DIREITO  COMÉRCIO EXTERIOR  BIBLIOTECONOMIA E CURSOS RELACIONADOS;121935
CURSOS DA ÁREA DE LICENCIATURA PEDAGOGIA E NORMAL SUPERIOR;PEDAGOGIA;119972
CURSOS DA AREA DE SAUDE;MEDICINA;120913
CURSOS DA ÁREA DE ENGENHARIA E CIÊNCIA DA COMPUTAÇÃO;ENGENHARIA QUÍMICA  DE ALIMENTOS  DE PETRÓLEO E CURSOS RELACIONADOS;121086
CURSOS DA ÁREA DE ENGENHARIA E CIÊNCIA DA COMPUTAÇÃO;CIÊNCIA DA COMPUTAÇÃO E SISTEMAS DE INFORMAÇÃO E CURSOS RELACIONADOS;121032
CURSOS DA AREA DE SAUDE;ODONTOLOGIA  QUIROPRAXIA  FÍSICA MÉDICA E NATUROLOGIA;121704
CURSOS DA ÁREA DE LICENCIATURA PEDAGOGIA E NORMAL SUPERIOR;LETRAS - IDIOMAS  FÍSICA (LIC)  QUÍMICA (LIC) E CURSOS RELACIONADOS;120566
CURSOS NAO PRIORITARIOS;COMUNICAÇÃO  DESIGN  AUDIO VISUAL E CURSOS RELACIONADOS;119394
CURSOS NAO PRIORITARIOS;MEDICINA VETERINÁRIA;121117
CURSOS DA ÁREA DE ENGENHARIA E CIÊNCIA DA COMPUTAÇÃO;CIÊNCIA DA COMPUTAÇÃO E SISTEMAS DE INFORMAÇÃO E CURSOS RELACIONADOS;120552
CURSOS NAO PRIORITARIOS;ADMINISTRAÇÃO  ADMINISTRAÇÃO PÚBLICA  GESTÃO  LOGÍSTICA  NEGÓCIOS E CURSOS RELACIONADOS;122107
CURSOS NAO PRIORITARIOS;DIREITO  COMÉRCIO EXTERIOR  BIBLIOTECONOMIA E CURSOS RELACIONADOS;119898
CURSOS DA ÁREA DE ENGENHARIA E CIÊNCIA DA COMPUTAÇÃO;ENGENHARIA QUÍMICA  DE ALIMENTOS  DE PETRÓLEO E CURSOS RELACIONADOS;119709
CURSOS NAO PRIORITARIOS;ESTÉTICA E COSMÉTICA  GESTÃO DO ESPORTE E CURSOS RELACIONADOS;120899
CURSOS NAO PRIORITARIOS;ESTÉTICA E COSMÉTICA  GESTÃO DO ESPORTE E CURSOS RELACIONADOS;120665
CURSOS DA AREA DE SAUDE;MEDICINA;118966
CURSOS NAO PRIORITARIOS;DIREITO  COMÉRCIO EXTERIOR  BIBLIOTECONOMIA E CURSOS RELACIONADOS;118109
CURSOS DA ÁREA DE ENGENHARIA E CIÊNCIA DA COMPUTAÇÃO;CIÊNCIA DA COMPUTAÇÃO E SISTEMAS DE INFORMAÇÃO E CURSOS RELACIONADOS;118159
CURSOS NAO PRIORITARIOS;DIREITO  COMÉRCIO EXTERIOR  BIBLIOTECONOMIA E CURSOS RELACIONADOS;122018
CURSOS NAO PRIORITARIOS;HOTELARIA E TURISMO  GASTRONOMIA E CURSOS RELACIONADOS;118693
CURSOS DA ÁREA DE ENGENHARIA E CIÊNCIA DA COMPUTAÇÃO;ENGENHARIA CIVIL E AMBIENTAL  ARQUITETURA E CURSOS RELACIONADOS;122167
CURSOS NAO PRIORITARIOS;ESTÉTICA E COSMÉTICA  GESTÃO DO ESPORTE E CURSOS RELACIONADOS;121542
CURSOS NAO PRIORITARIOS;CIÊNCIAS SOCIAIS  POLÍTICAS  ECONÔMICAS E CONTÁBEIS  PSICOLOGIA E SECRETARIADO;121885
CURSOS DA AREA DE SAUDE;ENFERMAGEM  FISIOTERAPIA  FARMÁCIA  NUTRIÇÃO E CURSOS RELACIONADOS;120024
CURSOS DA ÁREA DE LICENCIATURA PEDAGOGIA E NORMAL SUPERIOR;LETRAS - IDIOMAS  FÍSICA (LIC)  QUÍMICA (LIC) E CURSOS RELACIONADOS;119806
CURSOS NAO PRIORITARIOS;MEDICINA VETERINÁRIA;118796
CURSOS NAO PRIORITARIOS;CIÊNCIAS BIOLÓGICAS (BEL)  BIOMEDICINA  BIOTECNOLOGIA E CURSOS RELACIONADOS;120463
CURSOS DA ÁREA DE ENGENHARIA E CIÊNCIA DA COMPUTAÇÃO;ENGENHARIA ELÉTRICA  ELETRÔNICA  DA COMPUTAÇÃO E CURSOS RELACIONADOS;121588
CURSOS DA AREA DE SAUDE;MEDICINA;118967
CURSOS DA AREA DE SAUDE;SERVIÇO SOCIAL  FONOAUDIOLOGIA  TERAPIA OCUPACIONAL E CURSOS RELACIONADOS;118490
CURSOS DA AREA DE SAUDE;MEDICINA;118640
CURSOS DA ÁREA DE ENGENHARIA E CIÊNCIA DA COMPUTAÇÃO;CIÊNCIA DA COMPUTAÇÃO E SISTEMAS DE INFORMAÇÃO E CURSOS RELACIONADOS;121182
CURSOS NAO PRIORITARIOS;MEDICINA VETERINÁRIA;119993
CURSOS DA ÁREA DE ENGENHARIA E CIÊNCIA DA COMPUTAÇÃO;ENGENHARIA ELÉTRICA  ELETRÔNICA  DA COMPUTAÇÃO E CURSOS RELACIONADOS;118989
CURSOS NAO PRIORITARIOS;CIÊNCIAS SOCIAIS  POLÍTICAS  ECONÔMICAS E CONTÁBEIS  PSICOLOGIA E SECRETARIADO;121691
CURSOS NAO PRIORITARIOS;AGRONOMIA  ZOOTECNIA  ENGENHARIA FLORESTAL E CURSOS RELACIONADOS;120895
CURSOS NAO PRIORITARIOS;CIÊNCIAS SOCIAIS  POLÍTICAS  ECONÔMICAS E CONTÁBEIS  PSICOLOGIA E SECRETARIADO;121668
CURSOS DA ÁREA DE LICENCIATURA PEDAGOGIA E NORMAL SUPERIOR;BIOLOGIA (LIC)  MATEMÁTICA (LIC)  LETRAS-PORTUGUÊS E CURSOS RELACIONADOS;119809
CURSOS NAO PRIORITARIOS;MÚSICA  FOTOGRAFIA  PRODUÇÃO MULTIMÍDIA E CURSOS RELACIONADOS;119396
CURSOS DA AREA DE SAUDE;ODONTOLOGIA  QUIROPRAXIA  FÍSICA MÉDICA E NATUROLOGIA;119070
CURSOS DA ÁREA DE ENGENHARIA E CIÊNCIA DA COMPUTAÇÃO;CIÊNCIA DA COMPUTAÇÃO E SISTEMAS DE INFORMAÇÃO E CURSOS RELACIONADOS;120390
CURSOS NAO PRIORITARIOS;CIÊNCIAS AERONÁUTICAS E CURSOS RELACIONADOS;121366
CURSOS NAO PRIORITARIOS;ADMINISTRAÇÃO  ADMINISTRAÇÃO PÚBLICA  GESTÃO  LOGÍSTICA  NEGÓCIOS E CURSOS RELACIONADOS;119211
CURSOS DA ÁREA DE ENGENHARIA E CIÊNCIA DA COMPUTAÇÃO;ENGENHARIA CIVIL E AMBIENTAL  ARQUITETURA E CURSOS RELACIONADOS;119964
CURSOS DA ÁREA DE ENGENHARIA E CIÊNCIA DA COMPUTAÇÃO;CIÊNCIA DA COMPUTAÇÃO E SISTEMAS DE INFORMAÇÃO E CURSOS RELACIONADOS;121967
CURSOS DA ÁREA DE ENGENHARIA E CIÊNCIA DA COMPUTAÇÃO;ENGENHARIA DE PRODUÇÃO  DE MATERIAIS E CURSOS RELACIONADOS;119226
CURSOS NAO PRIORITARIOS;DIREITO  COMÉRCIO EXTERIOR  BIBLIOTECONOMIA E CURSOS RELACIONADOS;119056
CURSOS DA ÁREA DE ENGENHARIA E CIÊNCIA DA COMPUTAÇÃO;CIÊNCIA DA COMPUTAÇÃO E SISTEMAS DE INFORMAÇÃO E CURSOS RELACIONADOS;120677
CURSOS NAO PRIORITARIOS;CIÊNCIAS BIOLÓGICAS (BEL)  BIOMEDICINA  BIOTECNOLOGIA E CURSOS RELACIONADOS;121357
CURSOS NAO PRIORITARIOS;MODA  DESENHO INDUSTRIAL  MUSEOLOGIA  CINEMA E CURSOS RELACIONADOS;120288
CURSOS NAO PRIORITARIOS;MEDICINA VETERINÁRIA;121164
CURSOS DA AREA DE SAUDE;MEDICINA;120111
CURSOS NAO PRIORITARIOS;MEDICINA VETERINÁRIA;120431
CURSOS DA ÁREA DE ENGENHARIA E CIÊNCIA DA COMPUTAÇÃO;ENGENHARIA DE PRODUÇÃO  DE MATERIAIS E CURSOS RELACIONADOS;121815
CURSOS DA AREA DE SAUDE;SERVIÇO SOCIAL  FONOAUDIOLOGIA  TERAPIA OCUPACIONAL E CURSOS RELACIONADOS;120242
CURSOS NAO PRIORITARIOS;COMUNICAÇÃO SOCIAL  JORNALISMO  PUBLICIDADE  MARKETING E CURSOS RELACIONADOS;120747
CURSOS DA ÁREA DE LICENCIATURA PEDAGOGIA E NORMAL SUPERIOR;HISTÓRIA (LIC)  GEOGRAFIA (LIC)  EDUCAÇÃO FÍSICA (LIC) E CURSOS RELACIONADOS;118096
CURSOS DA ÁREA DE ENGENHARIA E CIÊNCIA DA COMPUTAÇÃO;ENGENHARIA ELÉTRICA  ELETRÔNICA  DA COMPUTAÇÃO E CURSOS RELACIONADOS;118165
CURSOS DA AREA DE SAUDE;MEDICINA;119218
CURSOS DA ÁREA DE ENGENHARIA E CIÊNCIA DA COMPUTAÇÃO;ENGENHARIA DE PRODUÇÃO  DE MATERIAIS E CURSOS RELACIONADOS;121871
CURSOS DA AREA DE SAUDE;MEDICINA;120328
CURSOS DA AREA DE SAUDE;ENFERMAGEM  FISIOTERAPIA  FARMÁCIA  NUTRIÇÃO E CURSOS RELACIONADOS;121379
CURSOS DA AREA DE SAUDE;MEDICINA;121800
CURSOS DA AREA DE SAUDE;MEDICINA;119591
CURSOS NAO PRIORITARIOS;MÚSICA  FOTOGRAFIA  PRODUÇÃO MULTIMÍDIA E CURSOS RELACIONADOS;121741
CURSOS DA AREA DE SAUDE;SERVIÇO SOCIAL  FONOAUDIOLOGIA  TERAPIA OCUPACIONAL E CURSOS RELACIONADOS;118489
CURSOS DA AREA DE SAUDE;MEDICINA;118406
CURSOS NAO PRIORITARIOS;COMUNICAÇÃO SOCIAL  JORNALISMO  PUBLICIDADE  MARKETING E CURSOS RELACIONADOS;121985
CURSOS DA ÁREA DE ENGENHARIA E CIÊNCIA DA COMPUTAÇÃO;ENGENHARIA QUÍMICA  DE ALIMENTOS  DE PETRÓLEO E CURSOS RELACIONADOS;119374
CURSOS DA AREA DE SAUDE;MEDICINA;120842
CURSOS NAO PRIORITARIOS;CIÊNCIAS BIOLÓGICAS (BEL)  BIOMEDICINA  BIOTECNOLOGIA E CURSOS RELACIONADOS;119824
CURSOS DA AREA DE SAUDE;MEDICINA;119299
CURSOS DA ÁREA DE LICENCIATURA PEDAGOGIA E NORMAL SUPERIOR;HISTÓRIA (LIC)  GEOGRAFIA (LIC)  EDUCAÇÃO FÍSICA (LIC) E CURSOS RELACIONADOS;119044
CURSOS DA AREA DE SAUDE;ODONTOLOGIA  QUIROPRAXIA  FÍSICA MÉDICA E NATUROLOGIA;122045
CURSOS DA ÁREA DE ENGENHARIA E CIÊNCIA DA COMPUTAÇÃO;ENGENHARIA DE PRODUÇÃO  DE MATERIAIS E CURSOS RELACIONADOS;122164
CURSOS DA ÁREA DE ENGENHARIA E CIÊNCIA DA COMPUTAÇÃO;ENGENHARIA DE PRODUÇÃO  DE MATERIAIS E CURSOS RELACIONADOS;120518
CURSOS DA ÁREA DE LICENCIATURA PEDAGOGIA E NORMAL SUPERIOR;LETRAS - IDIOMAS  FÍSICA (LIC)  QUÍMICA (LIC) E CURSOS RELACIONADOS;121090
CURSOS NAO PRIORITARIOS;CIÊNCIAS SOCIAIS  POLÍTICAS  ECONÔMICAS E CONTÁBEIS  PSICOLOGIA E SECRETARIADO;121988
CURSOS DA AREA DE SAUDE;MEDICINA;120775
CURSOS NAO PRIORITARIOS;CIÊNCIAS SOCIAIS  POLÍTICAS  ECONÔMICAS E CONTÁBEIS  PSICOLOGIA E SECRETARIADO;117880
