nota_corte;codigo_curso;nome_curso;turno;grau;vagas_ocupadas;valor_bruto
491,94;90434;BIOMEDICINA;NOTURNO;Bacharelado;9;88139,64
529,46;1304648;ADMINISTRAÇÃO;NOTURNO;Bacharelado;0;41760
505,96;19848;ADMINISTRAÇÃO;MATUTINO;Bacharelado;0;32907,44
549,28;101747;PEDAGOGIA;NOTURNO;Licenciatura;0;42000
566,22;76047;PROCESSOS GERENCIAIS;NOTURNO;Tecnológico;0;17407,36
457,42;49697;FONOAUDIOLOGIA;MATUTINO;Bacharelado;1;59224,44
607,3;1458137;ENGENHARIA DE CONTROLE E AUTOMAÇÃO;MATUTINO;Bacharelado;0;72000
539,98;1295984;FARMACIA;MATUTINO;Bacharelado;0;59473,5
634,12;48553;ADMINISTRAÇÃO;NOTURNO;Bacharelado;0;70428,78
574,98;111786;EDUCAÇÃO FÍSICA;NOTURNO;Bacharelado;0;38393,12
608,76;1385083;DIREITO;VESPERTINO;Bacharelado;2;102513
612,86;1261240;ENGENHARIA CIVIL;MATUTINO;Bacharelado;0;104490
571,78;9723;ENFERMAGEM;NOTURNO;Bacharelado;1;83020,4
588,18;1304020;FARMÁCIA;NOTURNO;Bacharelado;0;104757
565,36;106024;FARMÁCIA;MATUTINO;Bacharelado;2;65210,94
512,42;1279507;ENGENHARIA MECÂNICA;MATUTINO;Bacharelado;0;68400
553,52;1331184;ADMINISTRAÇÃO;MATUTINO;Bacharelado;0;49719,76
453,94;110444;GESTÃO FINANCEIRA;NOTURNO;Tecnológico;0;17363,28
504,08;116218;MÚSICA;NOTURNO;Licenciatura;1;36384
627,46;87550;CIÊNCIAS CONTÁBEIS;NOTURNO;Bacharelado;0;91113,44
574,4;366629;EDUCAÇÃO FÍSICA;MATUTINO;Bacharelado;1;59650,32
522,28;1486701;AUTOMAÇÃO INDUSTRIAL;MATUTINO;Tecnológico;0;27766,26
582,06;120127;PEDAGOGIA;NOTURNO;Licenciatura;0;52082,64
573,18;112532;MEDICINA VETERINÁRIA;MATUTINO;Bacharelado;6;139444,2
529,6;1474136;ENGENHARIA DE COMPUTAÇÃO;NOTURNO;Bacharelado;0;136620
568,62;123363;PSICOLOGIA;MATUTINO;Bacharelado;1;113094,12
542,02;1086150;FARMÁCIA;MATUTINO;Bacharelado;3;75480
508,4;1457853;ENGENHARIA MECÂNICA;NOTURNO;Bacharelado;0;84128,4
610,66;1404664;PSICOLOGIA;NOTURNO;Bacharelado;0;86225,58
522,62;1205567;ENGENHARIA MECÂNICA;NOTURNO;Bacharelado;0;85473,48
523,96;80834;PUBLICIDADE E PROPAGANDA;MATUTINO;Bacharelado;2;63764,56
594,28;107658;FISIOTERAPIA;NOTURNO;Bacharelado;3;75420
489,7;91093;ADMINISTRAÇÃO;NOTURNO;Bacharelado;0;35808
550,36;1104005;COMUNICAÇÃO SOCIAL - PUBLICIDADE E PROPAGANDA;MATUTINO;Bacharelado;0;78947,04
624,76;91913;DIREITO;NOTURNO;Bacharelado;0;59224,7
558,48;105992;PEDAGOGIA;NOTURNO;Licenciatura;0;38912,16
519,7;94221;BIOMEDICINA;VESPERTINO;Bacharelado;1;81264
513,72;1456864;ENGENHARIA ELÉTRICA;NOTURNO;Bacharelado;2;75900,3
451,2;1178674;ENGENHARIA ELÉTRICA;NOTURNO;Bacharelado;0;40800
573,34;1427560;ARQUITETURA E URBANISMO;NOTURNO;Bacharelado;0;111183,46
580,72;1267045;CIÊNCIAS BIOLÓGICAS;NOTURNO;Bacharelado;0;54336
590,94;80152;DIREITO;NOTURNO;Bacharelado;0;92112
559,38;1441605;DESIGN DE MODA;NOTURNO;Tecnológico;0;11340
459,48;58700;CIÊNCIAS CONTÁBEIS;NOTURNO;Bacharelado;2;40080
507,1;108224;ENGENHARIA AMBIENTAL;MATUTINO;Bacharelado;0;69957,6
557;63510;COMUNICAÇÃO SOCIAL - JORNALISMO;MATUTINO;Bacharelado;0;47016,32
459,94;105972;ENGENHARIA DE PRODUÇÃO;MATUTINO;Bacharelado;0;56044,2
594,06;1146578;ENGENHARIA CIVIL;NOTURNO;Bacharelado;1;95160
577,24;5001268;PSICOLOGIA;NOTURNO;Bacharelado;1;105540
610,42;89822;DIREITO;NOTURNO;Bacharelado;3;84420
555,94;1259245;ENGENHARIA CIVIL;NOTURNO;Bacharelado;1;96999,66
569,7;1207554;BIOMEDICINA;MATUTINO;Bacharelado;0;99039,84
647,36;1279431;ODONTOLOGIA;INTEGRAL;Bacharelado;9;163140
542,7;1300474;REDES DE COMPUTADORES;MATUTINO;Tecnológico;0;13122,9
516,28;66506;CIÊNCIAS BIOLÓGICAS;NOTURNO;Licenciatura;2;45399,52
485,14;31003;ADMINISTRAÇÃO;NOTURNO;Bacharelado;0;75636,6
559,72;1300301;PSICOLOGIA;NOTURNO;Bacharelado;1;67593,7
562,42;1364159;EDUCAÇÃO FÍSICA;NOTURNO;Bacharelado;0;49042
477,3;105514;RADIOLOGIA;MATUTINO;Tecnológico;0;38884,32
580,24;98571;CIÊNCIAS CONTÁBEIS;NOTURNO;Bacharelado;0;40867,2
516,66;108658;GESTÃO DE RECURSOS HUMANOS;NOTURNO;Tecnológico;0;18509,04
568,54;117066;ENGENHARIA ELÉTRICA;NOTURNO;Bacharelado;0;97260
459,6;1178531;ENGENHARIA DE PRODUÇÃO;NOTURNO;Bacharelado;0;96254,64
509,68;99120;BIOMEDICINA;MATUTINO;Bacharelado;0;32803,65
637,26;1361383;ENFERMAGEM;VESPERTINO;Bacharelado;0;64277,1
583,94;1069954;ENFERMAGEM;NOTURNO;Bacharelado;0;51308,83
597,4;1266443;DESIGN DIGITAL;VESPERTINO;Bacharelado;0;64188,84
608,84;25237;COMUNICAÇÃO SOCIAL - JORNALISMO;NOTURNO;Bacharelado;1;76095,36
523;89794;DIREITO;INTEGRAL;Bacharelado;0;86460
556;18785;FISIOTERAPIA;MATUTINO;Bacharelado;3;65134,3
522,46;1420448;JOGOS DIGITAIS;NOTURNO;Tecnológico;0;19353,6
452,9;1260316;ENGENHARIA MECÂNICA;MATUTINO;Bacharelado;4;57495,5
604,8;6488;ENGENHARIA CIVIL;INTEGRAL;Bacharelado;0;104604
538,9;1160204;ESTÉTICA E COSMÉTICA;NOTURNO;Tecnológico;5;34494
454,72;1059289;ENGENHARIA ELÉTRICA;NOTURNO;Bacharelado;0;92383,5
527,16;123149;PSICOLOGIA;NOTURNO;Bacharelado;3;74000,64
523,84;1258748;FISIOTERAPIA;NOTURNO;Bacharelado;0;42019,3
566,64;1404869;NUTRIÇÃO;NOTURNO;Bacharelado;0;94690,56
557,46;110564;ENGENHARIA DE COMPUTAÇÃO;VESPERTINO;Bacharelado;0;69000
555,1;1261183;RELAÇÕES INTERNACIONAIS;MATUTINO;Bacharelado;0;41808
545,38;100569;PEDAGOGIA;NOTURNO;Licenciatura;0;46886,4
478,6;1330714;ENGENHARIA ELÉTRICA;MATUTINO;Bacharelado;0;60000
491,08;105434;ESTÉTICA E COSMÉTICA;NOTURNO;Tecnológico;0;26941,02
534,8;1174855;SERVIÇO SOCIAL;NOTURNO;Bacharelado;1;44403,36
554,24;1258274;EDUCAÇÃO FÍSICA;NOTURNO;Bacharelado;0;58608
574,74;32115;COMUNICAÇÃO SOCIAL - PUBLICIDADE E PROPAGANDA;MATUTINO;Bacharelado;0;185940
554,3;61656;ADMINISTRAÇÃO;NOTURNO;Bacharelado;1;57555,36
561,04;1438794;CIÊNCIA DE DADOS E INTELIGÊNCIA ARTIFICIAL;NOTURNO;Bacharelado;0;58426,56
600,64;19003;FISIOTERAPIA;INTEGRAL;Bacharelado;2;123220,8
539,78;96304;ENGENHARIA DE PRODUÇÃO;NOTURNO;Bacharelado;0;40800
560,42;1455062;DEFESA CIBERNÉTICA;NOTURNO;Tecnológico;0;32058,54
571,32;106826;FISIOTERAPIA;MATUTINO;Bacharelado;0;71991,4
499,14;106554;MECATRÔNICA INDUSTRIAL;NOTURNO;TecnolÃ³gico;0;33413,64
520,44;46040;COMUNICAÇÃO SOCIAL - PUBLICIDADE E PROPAGANDA;NOTURNO;Bacharelado;0;63632,4
597,14;1483501;BIOMEDICINA;MATUTINO;Bacharelado;0;51467,52
493,58;1405054;ARQUITETURA E URBANISMO;NOTURNO;Bacharelado;0;79705,7
590,22;1466492;NUTRIÇÃO;NOTURNO;Bacharelado;0;61021,68
530,98;70276;GASTRONOMIA;MATUTINO;Tecnológico;0;56138,55
489,82;120611;CINEMA E AUDIOVISUAL;NOTURNO;Bacharelado;0;91392
680,56;1364732;PSICOLOGIA;MATUTINO;Bacharelado;0;83811,84
571,44;102406;ENGENHARIA CIVIL;NOTURNO;Bacharelado;1;85705,7
481,1;52021;ADMINISTRAÇÃO;NOTURNO;Bacharelado;1;55536
558,58;1321625;ADMINISTRAÇÃO;MATUTINO;Bacharelado;0;28828,75
564,78;1204819;CIÊNCIAS CONTÁBEIS;NOTURNO;Bacharelado;0;38286,32
599,02;75568;COMUNICAÇÃO SOCIAL - RADIALISMO (RÁDIO E TV);VESPERTINO;Bacharelado;1;117206,63
524,76;1146518;ADMINISTRAÇÃO;NOTURNO;Bacharelado;0;26520
572,64;1383358;ARQUITETURA E URBANISMO;NOTURNO;Bacharelado;0;78000
559,58;111652;GESTÃO COMERCIAL;NOTURNO;Tecnológico;0;14376
545,9;97739;ANÁLISE E DESENVOLVIMENTO DE SISTEMAS;NOTURNO;Tecnológico;3;32040
577,34;1430451;PSICOLOGIA;NOTURNO;Bacharelado;0;57540
466;1453833;FISIOTERAPIA;VESPERTINO;Bacharelado;0;78000
511,9;1454342;ODONTOLOGIA;MATUTINO;Bacharelado;7;373728
721,62;1397772;MEDICINA;INTEGRAL;Bacharelado;84;570816
455,88;1257825;ENGENHARIA QUÍMICA;NOTURNO;Bacharelado;0;62688
567,7;74773;NUTRIÇÃO;NOTURNO;Bacharelado;1;91561,15
531,88;51884;LETRAS - PORTUGUÊS E INGLÊS;MATUTINO;Licenciatura;0;26592
497,02;1120961;ENGENHARIA DE CONTROLE E AUTOMAÇÃO;NOTURNO;Bacharelado;0;61567,8
470,6;1404290;ENGENHARIA ELÉTRICA;NOTURNO;Bacharelado;0;89220
510,94;50594;DIREITO;NOTURNO;Bacharelado;0;72988,03
526,76;1330530;ENGENHARIA CIVIL;NOTURNO;Bacharelado;0;81471
616,16;115454;ARQUITETURA E URBANISMO;MATUTINO;Bacharelado;0;54743,83
627,24;1385762;DIREITO;MATUTINO;Bacharelado;0;132288,36
533,58;46391;ADMINISTRAÇÃO;MATUTINO;Bacharelado;0;36336
534,56;1119929;ENGENHARIA DE PRODUÇÃO;MATUTINO;Bacharelado;0;83940
635,62;1386940;DIREITO;NOTURNO;Bacharelado;1;75300
474,92;1116853;DESIGN GRÁFICO;NOTURNO;Tecnológico;0;24707,36
621,62;66277;CIÊNCIAS ECONÔMICAS;NOTURNO;Bacharelado;1;65568
545,52;17107;ADMINISTRAÇÃO;NOTURNO;Bacharelado;1;74774,4
536,82;1261117;PEDAGOGIA;NOTURNO;Licenciatura;1;23554,09
564,72;1260832;ARQUITETURA E URBANISMO;NOTURNO;Bacharelado;0;67705,7
521,9;103528;ADMINISTRAÇÃO;NOTURNO;Bacharelado;0;62889,12
535,52;1258280;GESTÃO DE RECURSOS HUMANOS;NOTURNO;Tecnológico;0;13557,6
458,98;1454233;ESTÉTICA E COSMÉTICA;NOTURNO;Tecnológico;0;31443,9
575,32;9431;PSICOLOGIA;NOTURNO;Bacharelado;1;74430,84
637,5;20682;MEDICINA VETERINÁRIA;INTEGRAL;Bacharelado;6;138600
463,14;50928;FONOAUDIOLOGIA;VESPERTINO;Bacharelado;0;71952
565,02;1541972;BIOMEDICINA;NOTURNO;Bacharelado;2;57552
463,5;104722;ENFERMAGEM;NOTURNO;Bacharelado;8;69840
571,24;1109354;ENGENHARIA ELÉTRICA;MATUTINO;Bacharelado;1;75120
626,84;1108311;MEDICINA VETERINÁRIA;MATUTINO;Bacharelado;2;112764
451,12;101098;SERVIÇO SOCIAL;MATUTINO;Bacharelado;0;49120,34
467,96;5000348;CIÊNCIAS CONTÁBEIS;NOTURNO;Bacharelado;0;24931,68
523,16;1475544;RADIOLOGIA;NOTURNO;Tecnológico;0;24680,58
549,74;45539;ADMINISTRAÇÃO;NOTURNO;Bacharelado;0;44316,96
557,88;1365253;BIOMEDICINA;NOTURNO;Bacharelado;0;46080
472,84;91085;ZOOTECNIA;MATUTINO;Bacharelado;0;58405,5
497,32;1119043;GESTÃO DE RECURSOS HUMANOS;MATUTINO;TecnolÃ³gico;0;16465,68
508,02;53333;SISTEMAS DE INFORMAÇÃO;NOTURNO;Bacharelado;0;44206,4
617,08;1308197;COMÉRCIO EXTERIOR;NOTURNO;Bacharelado;0;76212,48
525,04;5000008;ANÁLISE E DESENVOLVIMENTO DE SISTEMAS;NOTURNO;Tecnológico;0;24776,1
529,24;1055492;GESTÃO FINANCEIRA;NOTURNO;Tecnológico;0;20640
585,56;319477;CIÊNCIAS BIOLÓGICAS;NOTURNO;Bacharelado;0;47257,64
556,1;75465;CIÊNCIAS CONTÁBEIS;MATUTINO;Bacharelado;0;61844
450,5;56121;SISTEMAS DE INFORMAÇÃO;NOTURNO;Bacharelado;0;47174,4
507,9;1203999;CIÊNCIAS CONTÁBEIS;NOTURNO;Bacharelado;0;50299,2
533,6;1439414;ADMINISTRAÇÃO;MATUTINO;Bacharelado;0;38393,12
560,08;111428;ENGENHARIA MECÂNICA;MATUTINO;Bacharelado;0;95160
530,82;112708;CIÃŠNCIAS CONTÃBEIS;NOTURNO;Bacharelado;0;59173,02
540,9;87400;DIREITO;NOTURNO;Bacharelado;4;55903,8
522,04;1136118;MARKETING;MATUTINO;Tecnológico;0;21960
661,96;105944;DIREITO;NOTURNO;Bacharelado;1;63693,48
614,28;90615;ENFERMAGEM;NOTURNO;Bacharelado;3;137011,8
513,6;121445;FONOAUDIOLOGIA;MATUTINO;Bacharelado;0;62606,67
568,7;81038;DIREITO;NOTURNO;Bacharelado;26;87840
566,98;95983;DIREITO;NOTURNO;Bacharelado;2;78978
518,62;1526380;GESTÃO DE RECURSOS HUMANOS;MATUTINO;Tecnológico;0;26737,74
501,38;98255;ESTÉTICA E COSMÉTICA;INTEGRAL;Tecnológico;0;31077,72
506,56;39279;PUBLICIDADE E PROPAGANDA;NOTURNO;Bacharelado;0;66432
629,64;101796;DESIGN GRÁFICO;MATUTINO;Tecnológico;0;24068,4
461,08;1124976;SERVIÇO SOCIAL;NOTURNO;Bacharelado;0;30192
474,02;1495635;GASTRONOMIA;NOTURNO;Tecnológico;2;38794,96
498,76;1285124;REDES DE COMPUTADORES;NOTURNO;Tecnológico;0;14822,1
510,16;118826;PEDAGOGIA;NOTURNO;Licenciatura;2;45120
548,94;1331729;PEDAGOGIA;MATUTINO;Licenciatura;0;23979,12
557,58;1389892;FISIOTERAPIA;MATUTINO;Bacharelado;2;81882
566,38;18324;ARQUITETURA E URBANISMO;MATUTINO;Bacharelado;9;118800
555,16;19783;DIREITO;MATUTINO;Bacharelado;3;77734,8
536,14;96481;MATEMÁTICA;NOTURNO;Licenciatura;0;35854,87
522,96;71995;ADMINISTRAÇÃO;NOTURNO;Bacharelado;0;37707,44
587,68;50294;CIÊNCIAS CONTÁBEIS;NOTURNO;Bacharelado;0;37440
547,58;1427556;ENGENHARIA CIVIL;NOTURNO;Bacharelado;0;108120
565,18;1388406;ENFERMAGEM;NOTURNO;Bacharelado;4;65220
492,96;1364438;SERVIÇO SOCIAL;NOTURNO;Bacharelado;0;40704
512,66;1156619;GESTÃO DE RECURSOS HUMANOS;NOTURNO;Tecnológico;0;25800
608,68;1385553;BIOMEDICINA;NOTURNO;Bacharelado;2;51764,64
542,64;118988;GASTRONOMIA;NOTURNO;Tecnológico;0;33210,24
527,56;1524087;ADMINISTRAÇÃO;NOTURNO;Bacharelado;0;34492,16
615,16;1486653;BIOMEDICINA;MATUTINO;Bacharelado;0;52793,12
564,06;75871;ENFERMAGEM;NOTURNO;Bacharelado;1;96392,58
543,04;1419718;GESTÃO DE RECURSOS HUMANOS;MATUTINO;Tecnológico;0;18710,68
624,98;33176;MÚSICA;MATUTINO;Licenciatura;1;40800
489,38;101506;EDUCAÇÃO FÍSICA;NOTURNO;Bacharelado;0;38731,84
503,04;77118;PROCESSOS GERENCIAIS;NOTURNO;Tecnológico;0;12160,68
571,42;1498673;GESTÃO PÚBLICA;MATUTINO;Tecnológico;0;29329,44
541,5;1550688;ESTÉTICA E COSMÉTICA;NOTURNO;Tecnológico;0;19858,8
598,14;18140;CIÊNCIAS CONTÁBEIS;MATUTINO;Bacharelado;0;40450,32
450,3;35956;RÁDIO, TV E INTERNET;MATUTINO;Bacharelado;0;64129,97
470,72;1360054;ESTÉTICA E COSMÉTICA;VESPERTINO;Tecnológico;0;23494,42
567,38;98922;PEDAGOGIA;MATUTINO;Licenciatura;0;34628,64
545,94;1484206;FISIOTERAPIA;MATUTINO;Bacharelado;0;81600
464,88;109543;BIOMEDICINA;NOTURNO;Bacharelado;0;79373,04
595,92;1404695;FISIOTERAPIA;NOTURNO;Bacharelado;0;96672,54
556,58;107625;ENGENHARIA ELÉTRICA;NOTURNO;Bacharelado;0;91203,78
641,46;21270;DIREITO;MATUTINO;Bacharelado;0;47134,3
641,78;1074143;CIÊNCIAS CONTÁBEIS;NOTURNO;Bacharelado;0;44182,42
538,28;37282;ADMINISTRAÇÃO;MATUTINO;Bacharelado;1;78159,06
548,84;1420155;ENGENHARIA MECÂNICA;MATUTINO;Bacharelado;0;122340
587,08;101112;PSICOLOGIA;NOTURNO;Bacharelado;0;115892,82
450,78;50210;ADMINISTRAÇÃO;MATUTINO;Bacharelado;0;52793,12
570,1;60094;ENFERMAGEM;MATUTINO;Bacharelado;5;93366,6
627,58;20327;ENGENHARIA CIVIL;NOTURNO;Bacharelado;1;153468,6
622,44;1109279;ENGENHARIA ELÉTRICA;NOTURNO;Bacharelado;0;89940
468,12;1259886;PEDAGOGIA;NOTURNO;Licenciatura;0;29520
511,42;1130234;ENGENHARIA ELÉTRICA;NOTURNO;Bacharelado;4;68241,6
452,56;1497549;SERVIÇO SOCIAL;MATUTINO;Bacharelado;0;48807,84
472,28;1179384;SERVIÇO SOCIAL;NOTURNO;Bacharelado;0;18480
583;1322849;PSICOLOGIA;NOTURNO;Bacharelado;2;63600
521,44;19852;ENGENHARIA DE PRODUÇÃO;MATUTINO;Bacharelado;0;74574,7
523,62;121021;ENGENHARIA DE PRODUÇÃO;NOTURNO;Bacharelado;0;85938,15
601,78;1313828;EDUCAÇÃO FÍSICA;MATUTINO;Bacharelado;3;76279,84
559,18;1454975;FARMÁCIA;NOTURNO;Bacharelado;0;97279,72
601,12;43427;DIREITO;MATUTINO;Bacharelado;3;158429,4
563,9;54969;ODONTOLOGIA;INTEGRAL;Bacharelado;2;281430
489,08;1386864;PEDAGOGIA;VESPERTINO;Licenciatura;0;27790,3
601,92;15342;DIREITO;MATUTINO;Bacharelado;0;67800
628,62;96444;COMUNICAÇÃO SOCIAL - JORNALISMO;NOTURNO;Bacharelado;0;49695,84
646,48;95935;DIREITO;NOTURNO;Bacharelado;1;53994
606,42;1300020;ENGENHARIA CIVIL;MATUTINO;Bacharelado;0;83274,5
534,08;1330420;BIOMEDICINA;NOTURNO;Bacharelado;2;54869,76
468,82;117671;ODONTOLOGIA;VESPERTINO;Bacharelado;3;253850,06
562,68;29083;JORNALISMO;NOTURNO;Bacharelado;0;70489,44
601,82;1385241;DIREITO;NOTURNO;Bacharelado;2;75600
582,58;31196;JORNALISMO;NOTURNO;Bacharelado;0;107232
580,98;109539;ENGENHARIA DE PRODUÇÃO;NOTURNO;Bacharelado;0;78456
481,74;54834;DIREITO;MATUTINO;Bacharelado;2;119109,6
593,86;59632;EDUCAÇÃO FÍSICA;MATUTINO;Licenciatura;0;33816,39
688,24;1419878;PUBLICIDADE E PROPAGANDA;MATUTINO;Bacharelado;0;89057,28
643,06;1443526;EDUCAÇÃO FÍSICA;NOTURNO;Bacharelado;0;56400
505,42;95139;ENFERMAGEM;MATUTINO;Bacharelado;0;102036,3
741,12;65924;MEDICINA;INTEGRAL;Bacharelado;2;591624
519,34;90115;GESTÃO DE SEGURANÇA PRIVADA;NOTURNO;Tecnológico;0;15082,28
505,7;1323551;ESTÉTICA E COSMÉTICA;NOTURNO;TecnolÃ³gico;0;16988,4
594,5;92135;ENFERMAGEM;NOTURNO;Bacharelado;3;74100
632,88;98128;DIREITO;NOTURNO;Bacharelado;0;83289,5
538,22;1501451;MEDICINA VETERINÁRIA;MATUTINO;Bacharelado;11;170908,6
463,64;79758;SISTEMA DE INFORMAÇÃO;MATUTINO;Bacharelado;0;50892
571,64;51584;FISIOTERAPIA;MATUTINO;Bacharelado;0;87000
488,02;1276208;ESTÉTICA E COSMÉTICA;NOTURNO;Tecnológico;1;27294,84
605,34;26765;COMUNICAÇÃO SOCIAL - JORNALISMO;NOTURNO;Bacharelado;0;52128
473,94;47069;SISTEMAS DE INFORMAÇÃO;MATUTINO;Bacharelado;1;63360
468,68;1453920;ODONTOLOGIA;NOTURNO;Bacharelado;1;129083,4
595,8;118716;ENGENHARIA CIVIL;NOTURNO;Bacharelado;0;121888,14
555,42;1396153;GESTÃO DA TECNOLOGIA DA INFORMAÇÃO;NOTURNO;Tecnológico;0;24424,3
549,68;49636;DIREITO;VESPERTINO;Bacharelado;1;80562,9
673,26;122821;DIREITO;NOTURNO;Bacharelado;2;83289,5
543,14;351810;EDUCAÇÃO FÍSICA;MATUTINO;Bacharelado;0;41328
626,38;1386596;ODONTOLOGIA;NOTURNO;Bacharelado;2;156000
545,06;1429212;ADMINISTRAÇÃO;NOTURNO;Bacharelado;1;31993,04
453,76;1404455;ESTÉTICA E COSMÉTICA;MATUTINO;Tecnológico;0;33180
500,12;98090;ENFERMAGEM;VESPERTINO;Bacharelado;0;72978,94
632,54;48783;DIREITO;NOTURNO;Bacharelado;1;78900
496,26;16119;ADMINISTRAÇÃO;NOTURNO;Bacharelado;0;50179,2
549,66;1331047;ENGENHARIA CIVIL;NOTURNO;Bacharelado;0;75000
493,04;1104882;ENGENHARIA DE PRODUÇÃO;NOTURNO;Bacharelado;0;76323
499,26;38800;ENGENHARIA ELÉTRICA;NOTURNO;Bacharelado;0;115911,84
530,74;1200653;ARQUITETURA E URBANISMO;MATUTINO;Bacharelado;0;94369,68
515,46;1104931;CIÊNCIAS BIOLÓGICAS;NOTURNO;Licenciatura;0;26976
451,68;1491513;CIÊNCIAS CONTÁBEIS;MATUTINO;Bacharelado;0;36672
620,5;49677;COMUNICAÇÃO SOCIAL - PUBLICIDADE E PROPAGANDA;NOTURNO;Bacharelado;0;57082,32
576,32;1280443;PSICOLOGIA;NOTURNO;Bacharelado;4;70893,1
592,36;1405761;DIREITO;MATUTINO;Bacharelado;1;73165
606,86;100660;PEDAGOGIA;VESPERTINO;Licenciatura;0;42631,42
575,2;1263775;BIOMEDICINA;MATUTINO;Bacharelado;1;85917
645,2;401564;QUÍMICA;NOTURNO;Bacharelado;0;53760
465,64;100582;PEDAGOGIA;NOTURNO;Licenciatura;0;23829,5
558,98;1205553;GESTÃO DE RECURSOS HUMANOS;NOTURNO;TecnolÃ³gico;0;19830,72
593,34;1349239;DESIGN GRÁFICO;NOTURNO;Tecnológico;0;30745,1
563,52;111444;GESTÃO DE RECURSOS HUMANOS;NOTURNO;Tecnológico;0;22968
611,06;5668;CIÊNCIAS CONTÁBEIS;NOTURNO;Bacharelado;0;37920
537,62;1151630;ENGENHARIA MECÂNICA;NOTURNO;Bacharelado;0;123696
611,86;1205023;CIÊNCIAS BIOLÓGICAS;MATUTINO;Bacharelado;1;52110
499,98;120313;ADMINISTRAÇÃO;NOTURNO;Bacharelado;0;40720,32
549,78;57066;REDES DE COMPUTADORES;NOTURNO;Tecnológico;0;23512,75
501,24;1258827;RADIOLOGIA;NOTURNO;Tecnológico;0;23542
618,76;1364383;PSICOLOGIA;NOTURNO;Bacharelado;1;98362,32
517,58;1420412;NUTRIÇÃO;VESPERTINO;Bacharelado;0;35718,24
493,74;18215;PEDAGOGIA;NOTURNO;Licenciatura;0;27360
479,48;1365810;GESTÃO FINANCEIRA;NOTURNO;Tecnológico;1;24364,8
546,1;1285144;GASTRONOMIA;MATUTINO;Tecnológico;1;27192
533,34;1487378;SISTEMAS DE INFORMAÇÃO;MATUTINO;Bacharelado;0;48678,88
459,62;1545959;ADMINISTRAÇÃO;NOTURNO;Bacharelado;0;8381,36
542,1;1299521;MEDICINA VETERINÁRIA;MATUTINO;Bacharelado;1;146100
487,42;97976;GASTRONOMIA;NOTURNO;Tecnológico;0;22714,52
532,42;1516268;EDUCAÇÃO FÍSICA;MATUTINO;Bacharelado;0;33120
491,04;34926;JORNALISMO;NOTURNO;Bacharelado;0;97944
559,74;8576;FISIOTERAPIA;VESPERTINO;Bacharelado;0;121788,2
524,68;18455;ODONTOLOGIA;NOTURNO;Bacharelado;3;175997,16
504,16;1285080;ODONTOLOGIA;INTEGRAL;Bacharelado;1;199929,6
452,86;99954;ANÁLISE E DESENVOLVIMENTO DE SISTEMAS;NOTURNO;Tecnológico;0;22368
596,86;1313046;ENGENHARIA CIVIL;MATUTINO;Bacharelado;0;114667
651;105454;BIOMEDICINA;NOTURNO;Bacharelado;1;42114,25
452,98;1177484;ANÁLISE E DESENVOLVIMENTO DE SISTEMAS;VESPERTINO;Tecnológico;1;23912,52
589,02;1323646;LOGÍSTICA;NOTURNO;Tecnológico;1;19612,52
546,18;1487185;ESTÉTICA E COSMÉTICA;NOTURNO;Tecnológico;0;4657,32
537,18;1371325;GESTÃO PÚBLICA;NOTURNO;Tecnológico;0;12480
472,6;1284535;RADIOLOGIA;NOTURNO;Tecnológico;0;34182,72
595,66;1321782;ENGENHARIA ELÉTRICA;NOTURNO;Bacharelado;0;92639,82
466,66;1205640;ENGENHARIA MECÂNICA;NOTURNO;Bacharelado;1;109594,62
527,98;1360188;ESTATÍSTICA;MATUTINO;Bacharelado;0;30540,72
569,82;1330283;ENGENHARIA ELÉTRICA;NOTURNO;Bacharelado;0;74360
556,84;20513;DIREITO;MATUTINO;Bacharelado;0;84505,2
563,16;1283660;ODONTOLOGIA;MATUTINO;Bacharelado;6;155114,4
658,84;1321951;CIÊNCIAS CONTÁBEIS;NOTURNO;Bacharelado;0;91113,44
554,22;1365933;PEDAGOGIA;NOTURNO;Licenciatura;0;23760
523,58;1110362;ADMINISTRAÇÃO;NOTURNO;Bacharelado;3;25200
608,44;1386488;DIREITO;MATUTINO;Bacharelado;0;97705,7
723,26;1408508;MEDICINA;INTEGRAL;Bacharelado;2;691200
597,26;4951;RELAÇÕES INTERNACIONAIS;MATUTINO;Bacharelado;0;65136
530,44;1353410;EDUCAÇÃO FÍSICA;MATUTINO;Bacharelado;1;49364,56
539,84;104846;FISIOTERAPIA;MATUTINO;Bacharelado;2;91189,44
522,84;1205750;ENGENHARIA CIVIL;NOTURNO;Bacharelado;0;100502,1
545,92;1396084;MEDICINA VETERINÁRIA;INTEGRAL;Bacharelado;0;124920
588,46;80865;ENFERMAGEM;MATUTINO;Bacharelado;5;60627,8
559,26;48799;ADMINISTRAÇÃO;NOTURNO;Bacharelado;0;38080
579,8;1087337;ENGENHARIA CIVIL;NOTURNO;Bacharelado;3;97841,3
489,72;16625;ADMINISTRAÇÃO;MATUTINO;Bacharelado;0;29407,68
565,34;1441620;FISIOTERAPIA;NOTURNO;Bacharelado;5;139920
509,98;17924;FILOSOFIA;MATUTINO;Licenciatura;2;23284,8
553,06;1186790;AGROPECUÁRIA;NOTURNO;Tecnológico;0;59666,55
491,26;1404439;ENGENHARIA DE PRODUÇÃO;MATUTINO;Bacharelado;0;78840
622,8;88082;ENGENHARIA QUÍMICA;NOTURNO;Bacharelado;1;94194,1
618,96;52073;PSICOLOGIA;MATUTINO;Bacharelado;0;85066,7
554,28;73476;ADMINISTRAÇÃO;MATUTINO;Bacharelado;0;79852,72
558;1180714;PEDAGOGIA;NOTURNO;Licenciatura;0;37296
631,64;21284;DIREITO;MATUTINO;Bacharelado;0;65642,02
511,68;75231;CIÊNCIAS BIOLÓGICAS;MATUTINO;Licenciatura;0;18189,06
526,36;90214;ENGENHARIA DE PRODUÇÃO;NOTURNO;Bacharelado;0;85868,3
537,42;1172553;PSICOLOGIA;NOTURNO;Bacharelado;2;91810
518,54;1454870;PSICOLOGIA;MATUTINO;Bacharelado;0;75737,52
659,44;1550544;MEDICINA VETERINÁRIA;MATUTINO;Bacharelado;0;144480
569,64;1069142;ENGENHARIA DE PRODUÇÃO;NOTURNO;Bacharelado;0;95675,88
541,96;104404;DIREITO;NOTURNO;Bacharelado;4;67609,8
530,28;98620;ENFERMAGEM;MATUTINO;Bacharelado;8;95991,4
543,7;32252;ADMINISTRAÇÃO;NOTURNO;Bacharelado;0;69089,31
506,58;55007;ADMINISTRAÇÃO;NOTURNO;Bacharelado;0;29508,96
495,04;75131;SERVIÇO SOCIAL;NOTURNO;Bacharelado;0;36107,04
558,9;1419549;ARQUITETURA E URBANISMO;NOTURNO;Bacharelado;0;99505,3
570,18;80028;FARMÁCIA;MATUTINO;Bacharelado;0;60420
539,58;1110654;ODONTOLOGIA;NOTURNO;Bacharelado;6;155329,68
483,12;73184;FARMÁCIA;NOTURNO;Bacharelado;0;92640
515,12;1304953;ENGENHARIA CIVIL;NOTURNO;Bacharelado;1;49920
519,32;1285408;ENGENHARIA CIVIL;NOTURNO;Bacharelado;3;89134,3
589,6;1404125;FISIOTERAPIA;NOTURNO;Bacharelado;0;82277,1
479,86;123578;CIÊNCIAS BIOLÔGICAS;NOTURNO;Licenciatura;0;52848,5
532,58;4891;DESIGN DE INTERIORES;NOTURNO;Bacharelado;1;148345,55
506,24;1352129;NUTRIÇÃO;NOTURNO;Bacharelado;1;44939,2
493,72;5112;ADMINISTRAÇÃO;NOTURNO;Bacharelado;0;57504
605,94;18675;ODONTOLOGIA;NOTURNO;Bacharelado;4;159205,1
485,12;1169139;ENGENHARIA MECÂNICA;MATUTINO;Bacharelado;0;72077
559,2;1441065;FARMÁCIA;NOTURNO;Bacharelado;3;55440
523,92;111432;ESTÉTICA E COSMÉTICA;NOTURNO;Tecnológico;2;37188
557,6;1365809;MEDICINA VETERINÁRIA;NOTURNO;Bacharelado;4;170900,4
606,78;37942;NUTRIÇÃO;NOTURNO;Bacharelado;0;35496
520,92;1405453;MEDICINA VETERINÁRIA;NOTURNO;Bacharelado;0;159047,4
523,48;1111793;ADMINISTRAÇÃO;NOTURNO;Bacharelado;0;46656
471,92;67584;FONOAUDIOLOGIA;INTEGRAL;Bacharelado;0;123384
631,16;1280039;ENGENHARIA CIVIL;NOTURNO;Bacharelado;0;119400
455,58;92923;SERVIÇO SOCIAL;NOTURNO;Bacharelado;1;34800
594,92;1104893;EDUCAÇÃO FÍSICA;NOTURNO;Bacharelado;2;37296
602,84;5000983;DIREITO;NOTURNO;Bacharelado;22;93170,7
551,14;114454;JOGOS DIGITAIS;NOTURNO;Tecnológico;0;23023,44
558,82;48487;JORNALISMO;NOTURNO;Bacharelado;0;48840
457,22;107294;ENGENHARIA DE PRODUÇÃO;NOTURNO;Bacharelado;0;104645,7
515,48;111650;SISTEMAS PARA INTERNET;NOTURNO;Tecnológico;0;20970
536,9;32884;PSICOLOGIA;NOTURNO;Bacharelado;3;58500
553,16;67106;DIREITO;MATUTINO;Bacharelado;0;101831,6
618,44;57214;ADMINISTRAÇÃO;NOTURNO;Bacharelado;1;58278,88
531,94;1322513;DESIGN GRÃFICO;NOTURNO;TecnolÃ³gico;0;19047,12
625,46;5000876;DIREITO;NOTURNO;Bacharelado;0;92112
606,94;1385214;DIREITO;MATUTINO;Bacharelado;1;63180
602,8;1189583;ARQUITETURA E URBANISMO;NOTURNO;Bacharelado;0;95134,3
577,42;1261135;FARMÁCIA;NOTURNO;Bacharelado;0;90000
503,48;1404674;FISIOTERAPIA;NOTURNO;Bacharelado;2;80550,54
471,96;1280238;ESTÉTICA E COSMÉTICA;MATUTINO;Tecnológico;0;24726,9
636,52;111884;EDUCAÇÃO FÍSICA;NOTURNO;Bacharelado;0;92346,6
631,28;1331388;ODONTOLOGIA;MATUTINO;Bacharelado;4;168162,8
695,16;18827;DIREITO;NOTURNO;Bacharelado;1;59487,19
648,84;1488055;GASTRONOMIA;NOTURNO;TecnolÃ³gico;0;32458,8
553,42;1179738;FARMÁCIA;MATUTINO;Bacharelado;1;86707,8
607,4;1204947;PEDAGOGIA;NOTURNO;Licenciatura;0;31049,04
544,7;1107212;ENGENHARIA AMBIENTAL;NOTURNO;Bacharelado;0;125146,5
474,12;1202263;PEDAGOGIA;NOTURNO;Licenciatura;0;25501,2
513,34;1303809;ODONTOLOGIA;NOTURNO;Bacharelado;11;200496,96
594,6;1101464;ENGENHARIA CIVIL;MATUTINO;Bacharelado;0;91679,4
604,3;102077;EDUCAÇÃO FÍSICA;NOTURNO;Bacharelado;1;87728
561,16;1330708;PSICOLOGIA;MATUTINO;Bacharelado;0;91320,96
456,46;1161911;EDUCAÇÃO FÍSICA;MATUTINO;Bacharelado;0;56907,44
521,12;1282991;ARQUITETURA E URBANISMO;NOTURNO;Bacharelado;0;107134,3
504,58;1259100;ENGENHARIA ELÉTRICA;NOTURNO;Bacharelado;1;105183,6
500,84;95047;ODONTOLOGIA;NOTURNO;Bacharelado;10;110800
757,58;1363536;MEDICINA;INTEGRAL;Bacharelado;3;612673,2
570,06;1258816;ARQUITETURA E URBANISMO;MATUTINO;Bacharelado;1;88926
507,94;1260517;ENGENHARIA MECÂNICA;NOTURNO;Bacharelado;0;56160
488,84;116722;SERVIÇO SOCIAL;NOTURNO;Bacharelado;0;31362,24
713,62;18472;MEDICINA;INTEGRAL;Bacharelado;30;890515,92
630,74;38905;DIREITO;NOTURNO;Bacharelado;0;110708,7
499,84;66627;ENFERMAGEM;NOTURNO;Bacharelado;7;83134,3
612,58;1386600;PSICOLOGIA;NOTURNO;Bacharelado;0;66000
595,34;1349154;JORNALISMO;NOTURNO;Bacharelado;1;51421,68
541,74;91776;PEDAGOGIA;MATUTINO;Licenciatura;1;28992
485,38;1349299;ENGENHARIA CIVIL;NOTURNO;Bacharelado;0;99000
510,34;1283692;RADIOLOGIA;MATUTINO;Tecnológico;0;28018,92
460,24;1475419;CIÊNCIAS CONTÁBEIS;NOTURNO;Bacharelado;0;28147,2
494,1;1384831;ENFERMAGEM;MATUTINO;Bacharelado;4;89482,1
639,22;1440446;CINEMA E AUDIOVISUAL;INTEGRAL;Bacharelado;2;213168
540,8;1188149;MEDICINA VETERINÁRIA;NOTURNO;Bacharelado;6;99841,2
601,56;1441570;ENGENHARIA CIVIL;NOTURNO;Bacharelado;1;63000
518,78;96945;ADMINISTRAÇÃO;NOTURNO;Bacharelado;0;43200
553,3;1264888;BIOMEDICINA;NOTURNO;Bacharelado;0;52793,12
623,14;1315428;PSICOLOGIA;NOTURNO;Bacharelado;1;114900
475,1;1440280;CIÊNCIA DA COMPUTAÇÃO;NOTURNO;Bacharelado;0;67541,04
547,68;1441984;NUTRIÇÃO;NOTURNO;Bacharelado;0;52900,8
562,08;1204820;ENFERMAGEM;NOTURNO;Bacharelado;1;148175,5
566,06;1350318;PSICOLOGIA;MATUTINO;Bacharelado;0;89816,8
549,44;51281;FARMÁCIA;NOTURNO;Bacharelado;1;83460
602,44;39204;PSICOLOGIA;NOTURNO;Bacharelado;1;90901,31
451,38;1330169;GASTRONOMIA;NOTURNO;Tecnológico;3;49680
593,64;4375;FISIOTERAPIA;NOTURNO;Bacharelado;2;67434
526,96;1404469;FISIOTERAPIA;MATUTINO;Bacharelado;2;60000
506,68;1204462;BIOMEDICINA;NOTURNO;Bacharelado;0;56220
639,92;1047075;PSICOLOGIA;NOTURNO;Bacharelado;0;68100
534,96;1281092;FARMÁCIA;NOTURNO;Bacharelado;0;48482,75
458,56;88084;CIÊNCIA DA COMPUTAÇÃO;NOTURNO;Bacharelado;1;47307,44
564,74;1536450;EDUCAÇÃO FÍSICA;NOTURNO;Bacharelado;1;76279,36
520,4;48192;ADMINISTRAÇÃO;NOTURNO;Bacharelado;0;25920
601,02;5000176;FARMÁCIA;NOTURNO;Bacharelado;0;54315,6
508,44;72938;RELAÇÕES PÚBLICAS;MATUTINO;Bacharelado;0;76800
476,38;1349508;ENFERMAGEM;NOTURNO;Bacharelado;3;89880
454,14;120250;PEDAGOGIA;NOTURNO;Licenciatura;0;37632
459,26;61284;PEDAGOGIA;NOTURNO;Licenciatura;0;27883,84
577,28;15597;DIREITO;NOTURNO;Bacharelado;4;66480
539,54;69058;MEDICINA VETERINÃRIA;NOTURNO;Bacharelado;1;127182,06
516,34;117278;MEDICINA VETERINÁRIA;MATUTINO;Bacharelado;7;255036
651,54;15340;CIÊNCIAS ECONÔMICAS;NOTURNO;Bacharelado;1;49728
569,24;21613;ENFERMAGEM;INTEGRAL;Bacharelado;0;85663,1
575,48;1303628;FISIOTERAPIA;NOTURNO;Bacharelado;1;86693,4
599,5;91391;DIREITO;NOTURNO;Bacharelado;5;115830
495,3;1352011;GESTÃO DE RECURSOS HUMANOS;NOTURNO;Tecnológico;0;8280
586,98;112526;ANÁLISE E DESENVOLVIMENTO DE SISTEMAS;NOTURNO;Tecnológico;0;36384,29
566,04;81113;ODONTOLOGIA;NOTURNO;Bacharelado;5;124652,35
549,9;100966;ADMINISTRAÇÃO;MATUTINO;Bacharelado;0;25008,64
495,28;120680;GASTRONOMIA;MATUTINO;Tecnológico;0;36360
551,76;68406;CIÊNCIAS CONTÁBEIS;NOTURNO;Bacharelado;0;24960
517,86;1441592;PSICOLOGIA;MATUTINO;Bacharelado;0;69900
543,5;1457334;FISIOTERAPIA;NOTURNO;Bacharelado;2;95771,52
520,42;19344;ODONTOLOGIA;INTEGRAL;Bacharelado;4;143094,38
501,5;46845;LETRAS - PORTUGUÊS;MATUTINO;Licenciatura;0;33875,2
557,64;1330673;ODONTOLOGIA;NOTURNO;Bacharelado;9;148647,6
498,08;1292428;ADMINISTRAÇÃO;NOTURNO;Bacharelado;0;19977,6
537,26;57396;DIREITO;NOTURNO;Bacharelado;1;101991,4
637,16;1404657;BIOMEDICINA;NOTURNO;Bacharelado;0;59188,62
551,54;1285156;PEDAGOGIA;MATUTINO;Licenciatura;0;29902,08
718,7;1399480;MEDICINA;INTEGRAL;Bacharelado;12;642926,16
633,32;95996;DIREITO;NOTURNO;Bacharelado;1;107880
524,36;68845;REDES DE COMPUTADORES;MATUTINO;Tecnológico;0;19437
551,38;1139962;DESIGN GRÁFICO;NOTURNO;Tecnológico;0;30745,1
524,04;51244;FARMÁCIA;NOTURNO;Bacharelado;1;72234,42
563,66;1184181;CIÊNCIAS BIOLÓGICAS;NOTURNO;Bacharelado;0;40598,82
623,26;116693;ENGENHARIA DE PRODUÇÃO;NOTURNO;Bacharelado;0;71400
610,46;1260676;ENGENHARIA CIVIL;MATUTINO;Bacharelado;0;79440
544,88;1323482;LETRAS - LÍNGUA PORTUGUESA;NOTURNO;Licenciatura;0;25122,61
539,76;1440564;MEDICINA VETERINÁRIA;VESPERTINO;Bacharelado;4;167061,7
593,38;1516399;ENGENHARIA DE SOFTWARE;NOTURNO;Bacharelado;0;46636,32
590,96;6818;CIÊNCIAS BIOLÓGICAS;NOTURNO;Licenciatura;0;42231,7
482;1349759;PEDAGOGIA;NOTURNO;Licenciatura;0;38039,58
511,24;1330411;AGRONOMIA;NOTURNO;Bacharelado;2;106948,8
464,9;1360063;GASTRONOMIA;NOTURNO;Tecnológico;1;26880
625,64;1313449;MECATRÔNICA INDUSTRIAL;NOTURNO;Tecnológico;0;17463,6
548,92;1285550;ADMINISTRAÇÃO;NOTURNO;Bacharelado;0;42384
530,48;117762;CIÊNCIAS CONTÁBEIS;NOTURNO;Bacharelado;0;50940,87
475,72;10291;ADMINISTRAÇÃO;NOTURNO;Bacharelado;0;52133,34
572,96;102375;ENFERMAGEM;NOTURNO;Bacharelado;2;89991,4
588,68;1167070;ENGENHARIA DE PRODUÇÃO;NOTURNO;Bacharelado;0;112842
636,84;35316;HISTÓRIA;NOTURNO;Licenciatura;0;32076
478,26;1185946;PEDAGOGIA;MATUTINO;Licenciatura;0;18919,25
605,88;1205656;ENGENHARIA CIVIL;NOTURNO;Bacharelado;2;87600
481,66;10813;ZOOTECNIA;MATUTINO;Bacharelado;3;89636,12
523,98;80324;ENFERMAGEM;NOTURNO;Bacharelado;10;80400
576,44;69057;ENGENHARIA DE PRODUÇÃO;NOTURNO;Bacharelado;0;115200
539,2;1077431;ENFERMAGEM;NOTURNO;Bacharelado;2;52200
567,68;91475;PSICOLOGIA;NOTURNO;Bacharelado;6;73359,5
616,6;82801;DIREITO;NOTURNO;Bacharelado;2;99297,9
506,86;121041;LETRAS - PORTUGUÊS E ESPANHOL;NOTURNO;Licenciatura;0;19680
607,7;1105338;ENGENHARIA CIVIL;NOTURNO;Bacharelado;0;71880
573,62;1322402;FISIOTERAPIA;MATUTINO;Bacharelado;0;99609,12
750;9772;MEDICINA;INTEGRAL;Bacharelado;14;579720,96
488,7;72357;ODONTOLOGIA;INTEGRAL;Bacharelado;0;210000
500,48;1349775;ESTÉTICA E COSMÉTICA;NOTURNO;Tecnológico;1;43423,38
455,62;1258985;ENGENHARIA DE PETRÓLEO;MATUTINO;Bacharelado;0;64243,32
525,66;1366242;EDUCAÇÃO FÍSICA;MATUTINO;Bacharelado;0;58560
483,18;5001053;ESTÉTICA E COSMÉTICA;MATUTINO;Tecnológico;1;18244,9
457,94;19072;CIÊNCIAS BIOLÓGICAS;NOTURNO;Licenciatura;0;26662,08
532,22;1322791;BIOMEDICINA;NOTURNO;Bacharelado;0;61938
566,02;1404291;NUTRIÇÃO;MATUTINO;Bacharelado;0;55728
494,22;31279;ADMINISTRAÇÃO;NOTURNO;Bacharelado;1;51941,28
465,88;1204603;ENGENHARIA AMBIENTAL;NOTURNO;Bacharelado;0;94330,5
497,86;108424;BIOMEDICINA;MATUTINO;Bacharelado;1;53733,44
672,54;1396133;EDUCAÇÃO FÍSICA;MATUTINO;Bacharelado;0;120000
544,64;24009;PSICOLOGIA;NOTURNO;Bacharelado;4;49215
470,38;118476;MARKETING;MATUTINO;Bacharelado;0;81277,88
634,56;122566;CIÊNCIAS CONTÁBEIS;NOTURNO;Bacharelado;0;31671,01
559,54;1205049;ENGENHARIA CIVIL;NOTURNO;Bacharelado;0;90568,8
515,66;95239;ADMINISTRAÇÃO;NOTURNO;Bacharelado;0;30220,08
602,02;54861;FONOAUDIOLOGIA;NOTURNO;Bacharelado;1;37802,1
513,38;107004;ENGENHARIA CIVIL;MATUTINO;Bacharelado;1;67273,6
610,96;54830;DIREITO;NOTURNO;Bacharelado;6;63900
593,5;29410;JORNALISMO;MATUTINO;Bacharelado;0;75168
451,02;1487660;ENGENHARIA AGRONÔMICA;NOTURNO;Bacharelado;4;30000
469,5;72577;REDES DE COMPUTADORES;NOTURNO;Tecnológico;0;27293,8
624,14;1404577;DIREITO;NOTURNO;Bacharelado;5;76800
523,2;28469;EDUCAÇÃO ARTÍSTICA;NOTURNO;Licenciatura;0;38352
652,88;51662;DIREITO;MATUTINO;Bacharelado;4;116228
568,9;20750;ADMINISTRAÇÃO;NOTURNO;Bacharelado;0;38656,8
516,92;1352622;ADMINISTRAÇÃO;NOTURNO;Bacharelado;0;41504,16
539,18;104746;BIOMEDICINA;NOTURNO;Bacharelado;0;74822,4
531;5001344;DIREITO;NOTURNO;Bacharelado;1;83580
613,48;74432;ARQUITETURA E URBANISMO;MATUTINO;Bacharelado;0;94140
502,54;1161251;ENGENHARIA CIVIL;NOTURNO;Bacharelado;0;88560
522,18;5001307;GESTÃO FINANCEIRA;NOTURNO;Tecnológico;0;15360
642,94;30691;COMUNICAÇÃO SOCIAL;NOTURNO;Bacharelado;0;43218
481,32;1129071;GASTRONOMIA;MATUTINO;Tecnológico;0;26647,83
558,22;6807;MEDICINA VETERINÁRIA;INTEGRAL;Bacharelado;4;132909,24
536,3;16375;PEDAGOGIA;VESPERTINO;Licenciatura;0;43932
500,88;115692;ANÁLISE E DESENVOLVIMENTO DE SISTEMAS;NOTURNO;Tecnológico;0;31470
533,42;88980;EDUCAÇÃO FÍSICA;NOTURNO;Licenciatura;0;40494,24
551,36;90051;NUTRIÇÃO;NOTURNO;Bacharelado;0;58480,92
459,58;1260066;REDES DE COMPUTADORES;NOTURNO;Tecnológico;0;23280
456,02;5000327;TERAPIA OCUPACIONAL;NOTURNO;Bacharelado;1;26016
538,58;1441542;FISIOTERAPIA;NOTURNO;Bacharelado;3;107880
559,82;67569;ENFERMAGEM;MATUTINO;Bacharelado;5;128828,7
755,18;1185903;MEDICINA;INTEGRAL;Bacharelado;3;684000
496,46;5001366;ANÁLISE E DESENVOLVIMENTO DE SISTEMAS;NOTURNO;Tecnológico;0;21210
585,62;1321854;PSICOLOGIA;MATUTINO;Bacharelado;0;72960
583,3;1441166;DIREITO;MATUTINO;Bacharelado;0;69000
473,58;1404706;BIOMEDICINA;NOTURNO;Bacharelado;0;74606,46
543,52;20018;DIREITO;MATUTINO;Bacharelado;1;99060
519,5;19010;CIÊNCIA DA COMPUTAÇÃO;NOTURNO;Bacharelado;1;57082,32
647,1;91175;BIOMEDICINA;VESPERTINO;Bacharelado;4;80400
525,5;1331636;EDUCAÇÃO FÍSICA;NOTURNO;Bacharelado;0;31883,46
496,92;1513924;PEDAGOGIA;NOTURNO;Licenciatura;0;80688
605,3;1263812;BIOMEDICINA;MATUTINO;Bacharelado;0;73559,04
564,76;1258991;BIOMEDICINA;NOTURNO;Bacharelado;0;56640
456,26;1204988;SERVIÇO SOCIAL;NOTURNO;Bacharelado;0;39360,08
584,2;118334;ARQUITETURA E URBANISMO;NOTURNO;Bacharelado;0;104760
551,28;1189395;CIÊNCIAS CONTÁBEIS;NOTURNO;Bacharelado;0;55326,6
501,96;117454;ANÁLISE E DESENVOLVIMENTO DE SISTEMAS;NOTURNO;Tecnológico;1;19249,5
494,16;78275;COMUNICAÇÃO SOCIAL - JORNALISMO;NOTURNO;Bacharelado;1;73111,2
613,62;90659;DIREITO;MATUTINO;Bacharelado;0;106560
568,34;1115111;ENGENHARIA ELÉTRICA;NOTURNO;Bacharelado;0;76089,6
494,92;1279732;ANÁLISE E DESENVOLVIMENTO DE SISTEMAS;NOTURNO;Tecnológico;0;17808
477,8;1260462;ANÁLISE E DESENVOLVIMENTO DE SISTEMAS;NOTURNO;Tecnológico;0;36702,42
526,78;1299632;ODONTOLOGIA;INTEGRAL;Bacharelado;0;187860
453,78;1205294;FARMÁCIA;NOTURNO;Bacharelado;9;72000
609,18;18774;PSICOLOGIA;NOTURNO;Bacharelado;1;80418,6
577,86;100497;PEDAGOGIA;NOTURNO;Licenciatura;0;40049,94
533,8;108718;PUBLICIDADE E PROPAGANDA;NOTURNO;Bacharelado;0;45158,4
566,58;1386542;DIREITO;NOTURNO;Bacharelado;4;79915,7
575,74;74094;DIREITO;NOTURNO;Bacharelado;0;80418,12
562,02;48567;DIREITO;NOTURNO;Bacharelado;1;55200
560,64;51373;DIREITO;NOTURNO;Bacharelado;0;60198,6
526,26;98738;ENFERMAGEM;NOTURNO;Bacharelado;8;91419,3
570,7;82778;FARMÁCIA;NOTURNO;Bacharelado;3;93726
552,76;75336;ENFERMAGEM;INTEGRAL;Bacharelado;1;84116,34
603,46;1303598;ARQUITETURA E URBANISMO;NOTURNO;Bacharelado;0;97387,32
557,96;96432;NUTRIÇÃO;NOTURNO;Bacharelado;0;102286,32
471,34;6423;ENGENHARIA QUÍMICA;NOTURNO;Bacharelado;0;83445,67
466,82;65190;ENFERMAGEM;MATUTINO;Bacharelado;3;116464,7
490,66;1352312;ADMINISTRAÇÃO;NOTURNO;Bacharelado;1;47388,96
490,64;91089;GESTÃO COMERCIAL;NOTURNO;Tecnológico;0;13800
677,66;1364863;ADMINISTRAÇÃO;NOTURNO;Bacharelado;0;33360
466,62;19026;MATEMÁTICA;NOTURNO;Licenciatura;0;53386,96
482,38;1366267;LETRAS - PORTUGUÊS;NOTURNO;Licenciatura;0;25296
499,9;50876;DESIGN DE MODA;NOTURNO;Bacharelado;0;37016
590,92;16973;CIÊNCIAS CONTÁBEIS;NOTURNO;Bacharelado;0;39218,88
673,38;84419;ENGENHARIA AERONÁUTICA;NOTURNO;Bacharelado;0;80640
607,72;21842;GASTRONOMIA;VESPERTINO;Tecnológico;0;55440
570,72;102772;ESTÉTICA E COSMÉTICA;NOTURNO;Tecnológico;2;28152
480,7;1192074;GESTÃO DE RECURSOS HUMANOS;NOTURNO;Tecnológico;1;16650
498,18;105856;PEDAGOGIA;NOTURNO;Licenciatura;0;53286
499;101194;EDUCAÇÃO FÍSICA;NOTURNO;Licenciatura;0;24228
594,36;1300175;MEDICINA VETERINÁRIA;INTEGRAL;Bacharelado;3;90000
501,44;1155202;ENGENHARIA DE COMPUTAÇÃO;NOTURNO;Bacharelado;0;71940
584,9;1443191;CIÊNCIAS CONTÁBEIS;MATUTINO;Bacharelado;0;57072
460,72;1300032;AGRONOMIA;NOTURNO;Bacharelado;3;106023,36
580,56;41701;ENGENHARIA DA COMPUTAÇÃO;NOTURNO;Bacharelado;1;112318,98
735,74;18513;DIREITO;NOTURNO;Bacharelado;7;103285,66
501,98;5884;ADMINISTRAÇÃO;NOTURNO;Bacharelado;1;33877,92
528,52;15696;LETRAS PORTUGUÊS E INGLÊS;NOTURNO;Licenciatura;0;45648
470,2;1284137;AGRONOMIA;NOTURNO;Bacharelado;1;121480,38
482,92;18900;BIOMEDICINA;MATUTINO;Bacharelado;4;47753,76
538,64;1071985;GESTÃO DA TECNOLOGIA DA INFORMAÇÃO;NOTURNO;Tecnológico;0;55596
572,94;81052;PSICOLOGIA;NOTURNO;Bacharelado;1;90060
493,26;20474;CIÊNCIAS CONTÁBEIS;NOTURNO;Bacharelado;0;53085,12
517,02;1128958;ENGENHARIA ELÉTRICA;MATUTINO;Bacharelado;0;86374,2
550,96;1408888;FISIOTERAPIA;NOTURNO;Bacharelado;6;53426,9
519,54;1353283;FONOAUDIOLOGIA;NOTURNO;Bacharelado;0;56203,84
501,66;39672;PEDAGOGIA;NOTURNO;Licenciatura;1;37440
549,36;1207490;GASTRONOMIA;MATUTINO;Tecnológico;0;28950,24
552,46;9029;ADMINISTRAÇÃO;NOTURNO;Bacharelado;0;46656
520,58;1454489;NUTRIÇÃO;NOTURNO;Bacharelado;0;66240
539,1;21303;PEDAGOGIA;NOTURNO;Licenciatura;0;27696
499,36;1154113;GASTRONOMIA;MATUTINO;Tecnológico;0;70792,8
489,68;2500021;DIREITO;NOTURNO;Bacharelado;7;56139
620,28;10350;ODONTOLOGIA;INTEGRAL;Bacharelado;2;141504
453,18;73782;PEDAGOGIA;VESPERTINO;Licenciatura;0;30034,92
552,92;1205435;ENGENHARIA CIVIL;NOTURNO;Bacharelado;0;103896
601,28;68442;DIREITO;NOTURNO;Bacharelado;3;85800
544,18;19919;CIÊNCIAS CONTÁBEIS;NOTURNO;Bacharelado;0;30524,64
463,26;1324795;NUTRIÇÃO;NOTURNO;Bacharelado;3;108541,26
482,68;1470250;DIREITO;MATUTINO;Bacharelado;0;76719
525,7;1520555;CIÊNCIAS CONTÁBEIS;MATUTINO;Bacharelado;0;29343,6
479,24;50248;AGRONOMIA;VESPERTINO;Bacharelado;0;84000
452,16;97775;PEDAGOGIA;NOTURNO;Licenciatura;0;48008,64
514,96;31802;CIÊNCIAS BIOLÓGICAS;NOTURNO;Licenciatura;0;51036
451,28;1116037;FARMÁCIA;NOTURNO;Bacharelado;2;98304
533,28;89784;ENFERMAGEM;MATUTINO;Bacharelado;0;82567,8
588,54;21780;DIREITO;NOTURNO;Bacharelado;2;89090
519,26;1388437;DIREITO;NOTURNO;Bacharelado;12;94380
478,5;1161926;EDUCAÇÃO FÍSICA;NOTURNO;Licenciatura;1;36180
468,46;1258854;DESIGN GRÁFICO;NOTURNO;Tecnológico;0;10837,26
585,92;1330502;PSICOLOGIA;NOTURNO;Bacharelado;1;87408,6
535,84;6839;ADMINISTRAÇÃO;NOTURNO;Bacharelado;0;41285,71
487,04;101868;ADMINISTRAÇÃO;NOTURNO;Bacharelado;0;59614,89
577,68;106742;DIREITO;NOTURNO;Bacharelado;2;53012,4
595,4;88726;CINEMA E AUDIOVISUAL;MATUTINO;Bacharelado;0;88450,32
569,46;45492;NUTRIÇÃO;NOTURNO;Bacharelado;1;42528
719,36;1487491;MEDICINA;INTEGRAL;Bacharelado;16;663480
509,92;81012;GESTÃO DE RECURSOS HUMANOS;NOTURNO;Tecnológico;0;13680
527,72;1513923;SEGURANÇA NO TRABALHO;MATUTINO;TecnolÃ³gico;0;9288
551,9;1405878;ESTÉTICA E COSMÉTICA;NOTURNO;TecnolÃ³gico;0;23400
581,46;95147;ENFERMAGEM;NOTURNO;Bacharelado;2;79758
621,72;1550578;FISIOTERAPIA;NOTURNO;Bacharelado;1;59760
579,58;99122;FISIOTERAPIA;NOTURNO;Bacharelado;0;41548,39
530,46;45494;SERVIÇO SOCIAL;NOTURNO;Bacharelado;0;29808
510,82;1046782;BIOMEDICINA;VESPERTINO;Bacharelado;0;45058,14
585,4;74222;CIÊNCIAS CONTÁBEIS;NOTURNO;Bacharelado;0;45727,2
525,14;1453384;CIÊNCIAS CONTÁBEIS;NOTURNO;Bacharelado;1;48000
453,66;1279526;VITICULTURA E ENOLOGIA;MATUTINO;Tecnológico;0;40860
504,76;101253;ENGENHARIA AMBIENTAL;NOTURNO;Bacharelado;0;87750
455,3;118608;RADIOLOGIA;NOTURNO;Tecnológico;4;24301,44
617,74;20690;MEDICINA VETERINÁRIA;MATUTINO;Bacharelado;3;167011,52
555,36;1123253;ENGENHARIA MECÂNICA;NOTURNO;Bacharelado;0;99037,74
494,34;29030;JORNALISMO;NOTURNO;Bacharelado;0;50706,4
554,74;75726;COMUNICAÇÃO SOCIAL - PUBLICIDADE E PROPAGANDA;NOTURNO;Bacharelado;0;69740,1
543,4;1283849;FARMÁCIA;NOTURNO;Bacharelado;1;44304,05
618,58;1520006;ENGENHARIA QUÍMICA;NOTURNO;Bacharelado;0;71940
651,14;21246;DIREITO;NOTURNO;Bacharelado;3;87360
499,32;6817;FISIOTERAPIA;NOTURNO;Bacharelado;1;96711,8
650,78;1365111;FARMÁCIA;NOTURNO;Bacharelado;0;69590,4
467,56;1165141;AGRONOMIA;INTEGRAL;Bacharelado;0;104280
503,56;1541365;ENGENHARIA QUÍMICA;NOTURNO;Bacharelado;0;15143,3
471,14;1205016;ENGENHARIA MECÂNICA;NOTURNO;Bacharelado;0;69657,4
478,92;1292487;ODONTOLOGIA;MATUTINO;Bacharelado;1;180861,6
530;50042;FILOSOFIA;NOTURNO;Licenciatura;0;47328
520,14;9422;PEDAGOGIA;NOTURNO;Licenciatura;1;22433,28
589,3;67110;DIREITO;MATUTINO;Bacharelado;1;144144
485,28;118275;DESIGN DE MODA;NOTURNO;Tecnológico;0;28909,2
502,18;1387872;FISIOTERAPIA;NOTURNO;Bacharelado;2;89880
479,94;1525756;QUÍMICA;MATUTINO;Bacharelado;0;28700,28
579,02;19967;ENGENHARIA CIVIL;NOTURNO;Bacharelado;1;81725,76
561,08;87452;ADMINISTRAÇÃO;NOTURNO;Bacharelado;0;28841,8
555;1258515;ENGENHARIA CIVIL;NOTURNO;Bacharelado;1;46800
524,66;1389773;ARQUITETURA E URBANISMO;NOTURNO;Bacharelado;0;79577,5
609,4;1322695;CIÊNCIAS CONTÁBEIS;NOTURNO;Bacharelado;0;37640,16
721,46;1188900;MEDICINA;INTEGRAL;Bacharelado;34;691200
490,14;1138833;ENGENHARIA DE PRODUÇÃO;NOTURNO;Bacharelado;0;53400
537;111178;ENGENHARIA ELÉTRICA;NOTURNO;Bacharelado;1;94277,1
518,84;1403873;FISIOTERAPIA;NOTURNO;Bacharelado;0;65134,3
573,48;1389472;ARQUITETURA E URBANISMO;MATUTINO;Bacharelado;0;62887,2
464,8;18901;ENGENHARIA DE PRODUÇÃO;NOTURNO;Bacharelado;1;56709
563,04;57800;DIREITO;NOTURNO;Bacharelado;1;83760
556,92;100468;PEDAGOGIA;VESPERTINO;Licenciatura;0;32871,04
502,74;108698;BIOMEDICINA;NOTURNO;Bacharelado;0;54646,44
589,38;51678;DIREITO;MATUTINO;Bacharelado;1;62400
598,24;83114;BIOMEDICINA;NOTURNO;Bacharelado;1;71568
639,98;80610;AGRONOMIA;NOTURNO;Bacharelado;3;112820,74
514,2;1305322;EDUCAÇÃO FÍSICA;NOTURNO;Licenciatura;0;46560
565,66;1285291;ENGENHARIA CIVIL;NOTURNO;Bacharelado;0;56749,86
715,54;19294;MEDICINA;INTEGRAL;Bacharelado;17;703008
481,16;108232;ANÁLISE E DESENVOLVIMENTO DE SISTEMAS;NOTURNO;Tecnológico;0;20567,15
495,48;90220;SERVIÇO SOCIAL;NOTURNO;Bacharelado;0;50892
477,82;1377533;DESIGN;VESPERTINO;Bacharelado;1;35895,6
470,84;1454463;ENFERMAGEM;NOTURNO;Bacharelado;1;57552
521,74;57398;DIREITO;NOTURNO;Bacharelado;0;67372,2
557,28;48714;CIÊNCIAS CONTÁBEIS;NOTURNO;Bacharelado;1;62367,44
484,94;117242;BIOMEDICINA;NOTURNO;Bacharelado;1;96333,84
558,8;53314;ODONTOLOGIA;VESPERTINO;Bacharelado;2;197771,2
720,66;1408262;MEDICINA;INTEGRAL;Bacharelado;8;739932
588,98;120840;PEDAGOGIA;NOTURNO;Licenciatura;0;20569,08
522,52;1330856;ZOOTECNIA;NOTURNO;Bacharelado;3;57675,6
472,86;31198;LETRAS - LÍNGUA PORTUGUESA, LÍNGUA INGLESA E RESPECTIVAS LITERATURAS;NOTURNO;Licenciatura;3;37344
559,36;1383078;DIREITO;NOTURNO;Bacharelado;7;87600
595,84;1108254;ENGENHARIA CIVIL;NOTURNO;Bacharelado;0;87325,2
483,86;1189695;ENGENHARIA CIVIL;NOTURNO;Bacharelado;0;107775,36
675,82;97249;NUTRIÇÃO;NOTURNO;Bacharelado;0;70692
466,2;122800;ODONTOLOGIA;INTEGRAL;Bacharelado;4;149284,52
599,12;1405849;MEDICINA VETERINÁRIA;NOTURNO;Bacharelado;3;169500
654,78;1305534;ENGENHARIA CIVIL;NOTURNO;Bacharelado;0;80786,58
519,48;1260179;PEDAGOGIA;NOTURNO;Licenciatura;0;24480
494,6;1387314;DESIGN DE MODA;MATUTINO;Tecnológico;0;41060,33
603,9;1441345;MEDICINA VETERINÁRIA;NOTURNO;Bacharelado;2;125572,26
535,44;1438751;DESIGN GRÁFICO;NOTURNO;Tecnológico;0;14402,58
565,72;1176065;ENGENHARIA DE PRODUÇÃO;NOTURNO;Bacharelado;1;73546,8
589,1;1205354;CIÊNCIAS CONTÁBEIS;NOTURNO;Bacharelado;0;42507,44
484,22;48480;ADMINISTRAÇÃO;NOTURNO;Bacharelado;0;46464
547,96;18790;CIÊNCIA DA COMPUTAÇÃO;NOTURNO;Bacharelado;3;57408
555,8;116986;EDUCAÇÃO FÍSICA;NOTURNO;Bacharelado;0;91918,08
555,56;4959;MEDICINA VETERINÁRIA;INTEGRAL;Bacharelado;18;208277,1
595,44;59538;DIREITO;NOTURNO;Bacharelado;1;63379,8
457,18;1314231;SERVIÇO SOCIAL;NOTURNO;Bacharelado;0;23940
466,64;57258;ENGENHARIA FLORESTAL;NOTURNO;Bacharelado;0;78169,68
522,1;1282841;ODONTOLOGIA;MATUTINO;Bacharelado;3;182873
580,1;99851;AGRONOMIA;NOTURNO;Bacharelado;3;65487,6
574,94;98209;DESIGN DE MODA;NOTURNO;Bacharelado;2;95174,4
499,72;1387669;NUTRIÇÃO;INTEGRAL;Bacharelado;1;39600
535,02;1059323;BIOMEDICINA;NOTURNO;Bacharelado;1;61048,48
492,42;1208837;ARQUITETURA E URBANISMO;NOTURNO;Bacharelado;0;65991,4
541,56;1307547;ENGENHARIA DE COMPUTAÇÃO;NOTURNO;Bacharelado;0;92378,5
595,28;1265730;BIOMEDICINA;NOTURNO;Bacharelado;0;17571,73
484,08;64020;CIÊNCIA DA COMPUTAÇÃO;NOTURNO;Bacharelado;1;68892,2
606,26;1161246;ENGENHARIA AMBIENTAL E SANITÁRIA;NOTURNO;Bacharelado;0;14055
606,48;1397983;MÚSICA E TECNOLOGIA;NOTURNO;Bacharelado;0;105600
488,5;1178606;ENGENHARIA QUÍMICA;NOTURNO;Bacharelado;0;98442,62
490,36;1165500;SERVIÇO SOCIAL;NOTURNO;Bacharelado;0;40320
456,54;1292298;PEDAGOGIA;NOTURNO;Licenciatura;0;38640
471,18;106816;DIREITO;MATUTINO;Bacharelado;1;112588,7
490,12;90539;DESIGN DE INTERIORES;MATUTINO;Tecnológico;0;38567,15
611,36;1121426;MEDICINA VETERINÁRIA;NOTURNO;Bacharelado;3;104400
476,82;3542;ADMINISTRAÇÃO;NOTURNO;Bacharelado;0;49044,48
486,3;1441244;ODONTOLOGIA;MATUTINO;Bacharelado;2;280779,3
488,08;1107815;BIOMEDICINA;NOTURNO;Bacharelado;1;78552,54
491,92;84798;SERVIÇO SOCIAL;NOTURNO;Bacharelado;0;50890,42
635,86;83126;DIREITO;NOTURNO;Bacharelado;7;51873,67
523,54;48817;PEDAGOGIA;NOTURNO;Licenciatura;0;43932
563,24;16250;ENGENHARIA CIVIL;NOTURNO;Bacharelado;3;103109,44
551,88;1325890;GASTRONOMIA;NOTURNO;Tecnológico;0;21360
620,72;65220;PSICOLOGIA;NOTURNO;Bacharelado;0;105305,1
487;1539194;PEDAGOGIA;NOTURNO;Licenciatura;0;29511,44
505,62;1257740;PEDAGOGIA;NOTURNO;Licenciatura;0;24950,4
450,62;81314;DIREITO;NOTURNO;Bacharelado;0;54851,2
629,8;116436;CIÃŠNCIAS CONTÃBEIS;NOTURNO;Bacharelado;0;55195,98
493,94;1280807;ESTÉTICA E COSMÉTICA;NOTURNO;Tecnológico;0;22022,11
470,9;74162;CIÊNCIAS CONTÁBEIS;MATUTINO;Bacharelado;0;107760
450,56;1304680;ANÁLISE E DESENVOLVIMENTO DE SISTEMAS;NOTURNO;Tecnológico;0;21424,3
568,92;5000032;CIÊNCIAS BIOLÓGICAS;NOTURNO;Licenciatura;0;26724,6
493,84;83372;FARMÁCIA;NOTURNO;Bacharelado;1;104235,6
572,12;81040;PSICOLOGIA;INTEGRAL;Bacharelado;3;53100
535,46;1389552;ENFERMAGEM;NOTURNO;Bacharelado;1;60751,3
513,24;1135089;CIÊNCIAS CONTÁBEIS;NOTURNO;Bacharelado;0;27093,6
481,48;1210856;MEDICINA VETERINÁRIA;NOTURNO;Bacharelado;3;84000
485,44;74301;CIÊNCIAS BIOLÓGICAS;NOTURNO;Licenciatura;0;42557,04
462,32;1177910;ENGENHARIA CIVIL;NOTURNO;Bacharelado;1;111010,3
573,42;1388285;DIREITO;MATUTINO;Bacharelado;0;77134,3
528,1;99325;PEDAGOGIA;NOTURNO;Licenciatura;0;23354,31
572,86;15554;MEDICINA VETERINÃRIA;MATUTINO;Bacharelado;11;137380,4
559,1;47579;PEDAGOGIA;NOTURNO;Licenciatura;0;43932
536,56;1205615;ENGENHARIA ELÉTRICA;NOTURNO;Bacharelado;0;57288
584,36;52554;MEDICINA VETERINÃRIA;NOTURNO;Bacharelado;2;170069,52
591,32;1265455;MEDICINA VETERINÁRIA;NOTURNO;Bacharelado;12;183711
533,66;1424964;MODA;NOTURNO;Bacharelado;1;60102,14
479,98;1284836;AGRONEGÓCIO;NOTURNO;Tecnológico;0;37969,2
534,74;1150799;DIREITO;NOTURNO;Bacharelado;2;91815,98
534,06;1185526;EDUCAÇÃO FÍSICA;NOTURNO;Bacharelado;2;49008
483,92;120444;GESTÃO AMBIENTAL;NOTURNO;Tecnológico;0;43200
502,66;1203441;ARQUITETURA E URBANISMO;MATUTINO;Bacharelado;1;78465
511,2;114985;PILOTAGEM PROFISSIONAL DE AERONAVES;MATUTINO;Tecnológico;0;44775
469,28;1306413;ESTÉTICA E COSMÉTICA;MATUTINO;TecnolÃ³gico;0;29952
580,22;5187;DIREITO;NOTURNO;Bacharelado;24;92820
628,26;15345;ODONTOLOGIA;INTEGRAL;Bacharelado;11;92976
588,58;1284940;ENGENHARIA MECÂNICA;INTEGRAL;Bacharelado;0;248287,6
556,7;1526633;ENGENHARIA DE PRODUÇÃO;NOTURNO;Bacharelado;0;76335,6
536,96;91271;ESTÉTICA E COSMÉTICA;NOTURNO;Tecnológico;0;32385,96
535,18;20697;ZOOTECNIA;MATUTINO;Bacharelado;0;72522
531,4;21151;DIREITO;NOTURNO;Bacharelado;10;106906,3
523,34;1189370;EDUCAÇÃO FÍSICA;NOTURNO;Bacharelado;2;65436
570,68;65471;DIREITO;MATUTINO;Bacharelado;2;65850
524,46;100480;PEDAGOGIA;NOTURNO;Licenciatura;0;34176
714,64;1427419;MEDICINA;INTEGRAL;Bacharelado;1;614952,44
548,14;1323832;ENGENHARIA QUÍMICA;NOTURNO;Bacharelado;0;152938,8
528,68;18933;SISTEMAS DE INFORMAÇÃO;NOTURNO;Bacharelado;1;48096
544,42;19350;ODONTOLOGIA;INTEGRAL;Bacharelado;10;175171,81
460,02;59115;LETRAS - INGLÊS;NOTURNO;Licenciatura;0;46986,23
555,86;39502;DESIGN;MATUTINO;Bacharelado;1;92539,92
521,16;18127;MEDICINA VETERINÁRIA;NOTURNO;Bacharelado;0;188589,48
621,68;1349629;ANÁLISE E DESENVOLVIMENTO DE SISTEMAS;NOTURNO;Tecnológico;0;15624
479,88;103272;ADMINISTRAÇÃO;NOTURNO;Bacharelado;0;44422,56
588;71853;DIREITO;NOTURNO;Bacharelado;1;76926,3
629,22;1520528;ENGENHARIA QUÍMICA;NOTURNO;Bacharelado;0;89220
499,8;1202223;ESTÉTICA E COSMÉTICA;NOTURNO;Tecnológico;1;26172
490,86;1186744;ESTÉTICA E COSMÉTICA;NOTURNO;Tecnológico;0;21168
745,84;1408505;MEDICINA;INTEGRAL;Bacharelado;8;577194,48
480,26;5000864;DIREITO;NOTURNO;Bacharelado;0;83067,41
451,84;100654;SISTEMAS DE INFORMAÇÃO;NOTURNO;Bacharelado;2;48606,66
569,78;68918;DIREITO;MATUTINO;Bacharelado;0;106496,28
574,42;1364196;GASTRONOMIA;NOTURNO;Tecnológico;0;18295,2
459,22;1262463;ENGENHARIA CIVIL;NOTURNO;Bacharelado;1;84960
468,48;5001256;ESTÉTICA E COSMÉTICA;NOTURNO;Tecnológico;0;35820
471,82;18799;CIÊNCIAS CONTÁBEIS;NOTURNO;Bacharelado;0;40320
529,98;1547951;FARMÁCIA;MATUTINO;Bacharelado;0;84000
459,54;121576;LETRAS - PORTUGUÊS E INGLÊS;NOTURNO;Licenciatura;3;34560
523,44;1383209;MEDICINA VETERINÁRIA;MATUTINO;Bacharelado;5;142500,6
597,22;5000422;BIOMEDICINA;NOTURNO;Bacharelado;0;32939,28
467,2;1186045;ENGENHARIA ELÉTRICA;NOTURNO;Bacharelado;2;93778,59
746,78;1168313;MEDICINA;INTEGRAL;Bacharelado;18;550866,24
465,04;1325173;SERVIÇO SOCIAL;VESPERTINO;Bacharelado;0;36085
752,36;37304;MEDICINA;INTEGRAL;Bacharelado;3;698400
531,26;91195;CIÊNCIA DA COMPUTAÇÃO;NOTURNO;Bacharelado;0;34560
660,8;109136;MEDICINA VETERINÁRIA;MATUTINO;Bacharelado;1;170133
610,38;1518497;ENGENHARIA DE SOFTWARE;NOTURNO;Bacharelado;0;70035,84
599,9;67270;CIÊNCIAS CONTÁBEIS;NOTURNO;Bacharelado;0;69909,84
489,64;1153311;AGRONOMIA;MATUTINO;Bacharelado;1;69420
574,26;96094;PSICOLOGIA;NOTURNO;Bacharelado;6;127480,5
648,2;51235;MATEMÁTICA;NOTURNO;Licenciatura;0;18000
514,68;310495;FILOSOFIA;MATUTINO;Bacharelado;0;26013
452,24;1406732;ODONTOLOGIA;INTEGRAL;Bacharelado;0;185760
470,7;59060;SISTEMAS DE INFORMAÇÃO;NOTURNO;Bacharelado;0;50030,88
531,62;95903;PILOTAGEM PROFISSIONAL DE AERONAVES;MATUTINO;Tecnológico;0;26040
494,4;82550;ADMINISTRAÇÃO;NOTURNO;Bacharelado;0;23720
666,04;1367476;ENGENHARIA CIVIL;NOTURNO;Bacharelado;4;65646,24
543,34;46972;CIÊNCIA DA COMPUTAÇÃO;NOTURNO;Bacharelado;0;65435,4
527,02;1434214;ENGENHARIA DE PRODUÇÃO;NOTURNO;Bacharelado;0;99480
576,68;2500024;DIREITO;NOTURNO;Bacharelado;2;56139
472,42;21103;CIÊNCIA DA COMPUTAÇÃO;NOTURNO;Bacharelado;0;33787,2
500,72;1264020;BIOMEDICINA;NOTURNO;Bacharelado;1;103855,8
499,74;1284874;CINEMA E AUDIOVISUAL;MATUTINO;Bacharelado;2;152400
598,84;88834;MEDICINA VETERINÁRIA;INTEGRAL;Bacharelado;3;186129,6
740,94;1438629;MEDICINA;INTEGRAL;Bacharelado;4;536688
638,4;19014;MEDICINA VETERINÁRIA;MATUTINO;Bacharelado;7;171033,3
471,7;5001320;AUTOMAÇÃO INDUSTRIAL;NOTURNO;Tecnológico;0;19944
450,7;1517128;SERVIÇO SOCIAL;NOTURNO;Bacharelado;0;11181,36
586,54;24235;COMUNICAÇÃO SOCIAL - PUBLICIDADE E PROPAGANDA;NOTURNO;Bacharelado;1;42240
549,24;1073313;HISTÓRIA;MATUTINO;Licenciatura;0;26393,99
477,6;1187544;ENGENHARIA ELÉTRICA;NOTURNO;Bacharelado;0;102686,94
737,68;1399618;MEDICINA;INTEGRAL;Bacharelado;10;698400
576,58;1292451;AUTOMAÇÃO INDUSTRIAL;NOTURNO;Tecnológico;0;19440
684,86;1483773;MEDICINA;INTEGRAL;Bacharelado;15;592848
515,36;65977;FISIOTERAPIA;INTEGRAL;Bacharelado;2;104958,42
709,22;1485621;MEDICINA;INTEGRAL;Bacharelado;8;735333,12
745,5;20360;MEDICINA;INTEGRAL;Bacharelado;5;636446,8
510,18;1073438;MÚSICA;NOTURNO;Licenciatura;1;96800
483,94;1178039;SERVIÇO SOCIAL;NOTURNO;Bacharelado;0;33246,17
762,26;1180318;MEDICINA;INTEGRAL;Bacharelado;2;641780,64
461,28;71466;JORNALISMO;NOTURNO;Bacharelado;0;68509,14
462,04;20036;ENGENHARIA QUÍMICA;MATUTINO;Bacharelado;0;125655,8
719,46;1408259;MEDICINA;INTEGRAL;Bacharelado;12;706881,12
526,72;115672;CIÊNCIAS BIOLÓGICAS;NOTURNO;Bacharelado;0;44631,36
722,5;1399614;MEDICINA;INTEGRAL;Bacharelado;16;698400
535,56;1163839;EDUCAÇÃO FÍSICA;NOTURNO;Licenciatura;0;21552
625,1;108978;ODONTOLOGIA;MATUTINO;Bacharelado;6;190783,2
525,84;1206338;GESTÃO DA PRODUÇÃO INDUSTRIAL;NOTURNO;Tecnológico;0;27241,2
457,02;20086;ENGENHARIA DE PRODUÇÃO;NOTURNO;Bacharelado;0;70966,32
511;54783;LETRAS - INGLÊS;NOTURNO;Licenciatura;0;44674,44
486,8;1351681;CIÊNCIAS CONTÁBEIS;NOTURNO;Bacharelado;0;55202,64
771,1;11233;MEDICINA;INTEGRAL;Bacharelado;4;596160
547,86;1351594;PSICOLOGIA;NOTURNO;Bacharelado;2;66950,6
