ies;codigo_mec_ies;organizacao_academica;uf_ies;municipio_ies;vagas_autorizadas;vagas_ocupadas
CENTRO UNIVERSITARIO DOUTOR LEAO SAMPAIO;1735;Centro Universitário;CE;Juazeiro do Norte;50;9
Faculdade do Vale do São Francisco;19674;Faculdade ;PE;Petrolina;100;0
Faculdade Estácio de Alagoas - Estácio FAL;1298;Faculdade ;AL;Maceió;50;0
FACULDADE DO LITORAL SUL PAULISTA;1898;Faculdade ;SP;Praia Grande;150;0
CENTRO UNIVERSITARIO OPET;5403;Centro Universitário;PR;Curitiba;180;0
CENTRO UNIVERSITARIO DAS FACULDADES METROPOLITANAS UNIDAS;374;Centro Universitário;SP;São Paulo;60;1
Centro Universitário CEUNI - FAMETRO;2147;Centro Universitário;AM;Manaus;100;0
CENTRO UNIVERSITARIO ANHANGUERA PITAGORAS AMPLI;242;Centro Universitário;SP;Santo André;75;0
FACULDADE ANHANGUERA DE JOINVILLE;5668;Faculdade ;SC;Joinville;315;0
CENTRO UNIVERSITARIO BRASÍLIA DO ESTADO DE GOIAS ;2336;Centro Universitário;GO;São Luís de Montes Belos;50;0
UNIVERSIDADE DO GRANDE RIO PROFESSOR JOSÉ DE SOUZA HERDY;472;Universidade;RJ;Duque de Caxias;240;1
FACULDADE ICESP;4068;Faculdade ;DF;Brasília;100;0
FACULDADE PERNAMBUCANA DE SAÚDE ;3615;Faculdade ;PE;Recife;60;2
FACULDADE DE ENSINO SUPERIOR DA CIDADE DE FEIRA DE SANTANA;2560;Faculdade ;BA;Feira de Santana;50;0
Universidade Universus Veritas Guarulhos;481;Universidade;SP;Guarulhos;120;0
CENTRO UNIVERSITARIO DA SERRA GAÚCHA;1427;Centro Universitário;RS;Caxias do Sul;120;0
Centro Universitário Estácio de Belo Horizonte - Estácio BH;1509;Centro Universitário;MG;Belo Horizonte;100;1
UNIVERSIDADE ESTACIO DE SA;163;Universidade;RJ;Rio de Janeiro;50;0
FACULDADE PITAGORAS DE SAO LUIZ;4865;Faculdade ;MA;São Luís;109;1
Centro Universitário FG;2023;Centro Universitário;BA;Guanambi;50;3
CENTRO UNIVERSITARIO DE JOAO PESSOA;352;Centro Universitário;PB;João Pessoa;100;0
CENTRO UNIVERSITARIO ANHANGUERA DE CAMPO GRANDE;926;Centro Universitário;MS;Campo Grande;100;0
FACULDADE ANHANGUERA DE OSASCO;1345;Faculdade ;SP;Osasco;50;0
Faculdade Estácio do Para- Estácio FAP;2036;Faculdade ;PA;Belém;100;2
CENTRO UNIVERSITARIO ESTACIO DE SERGIPE;2122;Centro Universitário;SE;Aracaju;125;3
CENTRO UNIVERSITARIO ARNALDO HORACIO FERREIRA;3921;Centro Universitário;BA;Luís Eduardo Magalhães;100;0
FACULDADE DE CIÊNCIAS SOCIAIS APLICADAS DE EXTREMA;2270;Faculdade ;MG;Extrema;100;0
FATECE - FACULDADE DE TECNOLOGIA, CIÊNCIAS E EDUCAÇAO;4007;Faculdade ;SP;Pirassununga;100;0
CENTRO UNIVERSITARIO APARÍCIO CARVALHO;1087;Centro Universitário;RO;Porto Velho;100;1
Centro Universitário de Ciências e Tecnologia do Maranhão;4964;Centro Universitário;MA;Caxias;100;2
CENTRO UNIVERSITARIO DE SETE LAGOAS;4962;Centro Universitário;MG;Sete Lagoas;50;0
FACULDADE POLITÉCNICA DE CAMPINAS;3456;Faculdade ;SP;Campinas;50;0
Faculdade Metropolitana de Horizonte;20532;Faculdade ;CE;Horizonte;100;0
CENTRO UNIVERSITARIO SANTO AGOSTINHO;1131;Centro Universitário;PI;Teresina;50;0
Centro Universitário UNA de Betim;14028;Centro Universitário;MG;Betim;120;1
FACULDADE DELTA;3034;Faculdade ;BA;Salvador;120;1
Faculdade Fasipe Mato Grosso;18114;Faculdade ;MT;Cuiabá;50;0
FACULDADE CEARENSE;2410;Faculdade ;CE;Fortaleza;120;0
UNIVERSIDADE LUTERANA DO BRASIL;449;Universidade;RS;Canoas;100;2
FACULDADE ESAMC UBERLÂNDIA;1468;Faculdade ;MG;Uberlândia;240;0
CENTRO UNIVERSITARIO AVANTIS;1988;Centro Universitário;SC;Balneário Camboriú;100;0
CENTRO UNIVERSITARIO DO PLANALTO DE ARAXA;1575;Centro Universitário;MG;Araxá;60;0
FACULDADE UNIME DE CIÊNCIAS EXATAS E TECNOLÓGICAS;2037;Faculdade ;BA;Lauro de Freitas;100;0
CENTRO UNIVERSITARIO ESTACIO DA AMAZÔNIA;1702;Centro Universitário;RR;Boa Vista;100;0
CENTRO UNIVERSITARIO AGES;1640;Centro Universitário;BA;Paripiranga;50;0
UNIVERSIDADE DO OESTE PAULISTA;271;Universidade;SP;Presidente Prudente;150;0
ESCOLA SUPERIOR DE CRICIÚMA - ESUCRI;1694;Faculdade ;SC;Criciúma;100;3
CENTRO UNIVERSITARIO TOLEDO;1418;Centro Universitário;SP;Araçatuba;60;0
FACULDADE DE DIREITO DE ITÚ;440;Faculdade ;SP;Itu;40;0
FACULDADE FUNORTE DE JANAÚBA;2443;Faculdade ;MG;Janaúba;200;0
FACULDADE MADRE THAIS;3268;Faculdade ;BA;Ilhéus;30;0
UNIVERSIDADE DE ARARAQUARA;124;Universidade;SP;Araraquara;100;0
FACULDADE MARECHAL RONDON;1624;Faculdade ;SP;São Manuel;150;0
ESCOLA SUPERIOR DE PROPAGANDA E MARKETING DE PORTO ALEGRE;1327;Faculdade ;RS;Porto Alegre;160;0
FACULDADE ESAMC SANTOS;2408;Faculdade ;SP;Santos;120;1
UNIVERSIDADE DE SANTA CRUZ DO SUL;295;Universidade;RS;Santa Cruz do Sul;110;2
ESTACIO FATERN - FACULDADE ESTACIO DO RIO GRANDE DO NORTE;4566;Faculdade ;RN;Natal;125;0
FACULDADE PITAGORAS DE DIVINÓPOLIS - FPD;3149;Faculdade ;MG;Divinópolis;143;0
UNIVERSIDADE DO SUL DE SANTA CATARINA;494;Universidade;SC;Tubarão;100;0
Faculdade Galileu;17662;Faculdade ;SP;Botucatu;40;0
CENTRO UNIVERSITARIO ESTACIO JUIZ DE FORA - ESTACIO JUIZ DE FORA;1986;Centro Universitário;MG;Juiz de Fora;80;1
Centro Universitário Sudoeste Paulista;1317;Centro Universitário;SP;Avaré;100;0
FACULDADE CIDADE DE PATOS DE MINAS;2915;Faculdade ;MG;Patos de Minas;100;0
CENTRO UNIVERSITARIO ETEP;5669;Centro Universitário;SP;São José dos Campos;80;0
FACULDADE VIDAL;17499;Faculdade ;CE;Limoeiro do Norte;40;0
FACULDADE UNIDA DE CAMPINAS;2770;Faculdade ;GO;Goiânia;50;7
Centro de Ensino Superior de Conselheiro Lafaiete;3488;Faculdade ;MG;Conselheiro Lafaiete;60;0
Centro Universitário UNIRB - Alagoinhas;3864;Centro Universitário;BA;Alagoinhas;100;0
Faculdade SOCIESC;3758;Faculdade ;SC;Florianópolis;75;1
CENTRO UNIVERSITARIO DE DESENVOLVIMENTO DO CENTRO OESTE;826;Centro Universitário;GO;Luziânia;150;1
FACUDADE IEDUCARE - FIED;2466;Faculdade ;CE;Tianguá;50;1
Faculdade Estácio de Carapicuíba;4169;Faculdade ;SP;Carapicuíba;120;0
CENTRO UNIVERSITARIO CENTRAL PAULISTA;707;Centro Universitário;SP;São Carlos;60;0
FACULDADE DE EDUCAÇAO E CULTURA DE VILHENA;11645;Faculdade ;RO;Vilhena;40;0
FACULDADE DE CIÊNCIAS E LETRAS DE BRAGANÇA PAULISTA;495;Faculdade ;SP;Bragança Paulista;80;6
CENTRO UNIVERSITARIO UNIFATECIE;4751;Centro Universitário;PR;Paranavaí;100;2
FACULDADE DO VALE DO JAGUARIBE;1350;Faculdade ;CE;Aracati;100;8
UNIVERSIDADE DE SOROCABA;150;Universidade;SP;Sorocaba;70;1
CENTRO UNIVERSITARIO DE VARZEA GRANDE;794;Centro Universitário;MT;Várzea Grande;100;0
FACULDADE DE EDUCAÇAO SAO FRANCISCO;1546;Faculdade ;MA;Pedreiras;50;0
Faculdade Doctum de Vitória;1064;Faculdade ;ES;Vitória;150;0
CENTRO UNIVERSITARIO DA FUNDAÇAO EDUCACIONAL DE BARRETOS;3641;Centro Universitário;SP;Barretos;40;0
FACULDADE ANHANGUERA DE VALPARAASO;2756;Faculdade ;GO;Valparaíso de Goiás;60;0
CENTRO UNIVERSIARIO UNIFTC;1364;Centro Universitário;BA;Vitória da Conquista;50;0
CENTRO UNIVERSITARIO GUAIRACA;3797;Centro Universitário;PR;Guarapuava;100;0
UNIAO DAS FACULDADES DOS GRANDES LAGOS;1046;Faculdade ;SP;São José do Rio Preto;100;0
FACULDADE CNEC GRAVATAÍ;2184;Faculdade ;RS;Gravataí;80;0
CENTRO UNIVERSITARIO DE ANAPOLIS;384;Centro Universitário;GO;Anápolis;100;1
FACULDADE DOM LUÍS DE ORLEANS E BRAGANÇA;3669;Faculdade ;BA;Ribeira do Pombal;100;0
UNIVERSIDADE REGIONAL DO NOROESTE DO ESTADO DO RIO GRANDE DO SUL;532;Universidade;RS;Ijuí;40;2
FACULDADE DE ENSINO SUPERIOR DO INTERIOR PAULISTA;4000;Faculdade ;SP;Marília;100;2
FACULDADE UNINASSAU PARNAMIRIM;16943;Faculdade ;RN;Parnamirim;120;0
Faculdade Unirb - Mossoró;1680;Faculdade ;RN;Mossoró;70;0
FACULDADES INTEGRADAS DE TRÊS LAGOAS;1038;Faculdade ;MS;Três Lagoas;80;0
FACULDADE SANTA MARIA DA GLÓRIA;1850;Faculdade ;PR;Maringá;120;1
UNIVERSIDADE METODISTA DE SAO PAULO;167;Universidade;SP;São Bernardo do Campo;80;0
FACULDADE DE CIÊNCIAS SOCIAIS APLICADAS DE SINOP;2005;Faculdade ;MT;Sinop;60;0
FACULDADE ANHANGUERA DE JACAREA;5555;Faculdade ;SP;Jacareí;80;0
FACULDADE ANHANGAœERA DE PIRACICABA;4656;Faculdade ;SP;Piracicaba;160;0
FACULDADE DE TECNOLOGIA DE TAUBATÉ;4873;Faculdade ;SP;Taubaté;130;0
FACULDADE DE TECNOLOGIA DE CRUZEIRO DO OESTE;12268;Faculdade ;PR;Cruzeiro do Oeste;60;0
Centro Universitário Unifacig;1984;Centro Universitário;MG;Manhuaçu;100;2
UNIVERSIDADE SALGADO DE OLIVEIRA;663;Universidade;RJ;São Gonçalo;200;3
INSTITUTO DE CIÊNCIAS DA SAÚDE;1600;Faculdade ;MG;Montes Claros;96;2
FACULDADES INTEGRADAS DE FERNANDÓPOLIS;1299;Faculdade ;SP;Fernandópolis;70;0
CENTRO UNIVERSITARIO FAI;1773;Centro Universitário;SC;Itapiranga;80;1
INSTITUTO ESPERANÇA DE ENSINO SUPERIOR;1672;Faculdade ;PA;Santarém;50;2
INSTITUTO MACAPAENSE DE ENSINO SUPERIOR;2469;Faculdade ;AP;Macapá;30;3
FACULDADE CIDADE DE JOAO PINHEIRO;2440;Faculdade ;MG;João Pinheiro;100;2
UNIVERSIDADE DO VALE DO SAPUCAÍ;1586;Universidade;MG;Pouso Alegre;60;0
FACULDADE VALE DO CRICARÉ;1514;Faculdade ;ES;São Mateus;50;2
CENTRO UNIVERSITARIO PRESIDENTE ANTÔNIO CARLOS;308;Centro Universitário;MG;Barbacena;94;2
FACULDADE EVANGÉLICA DE CERES;4113;Faculdade ;GO;Ceres;60;0
UNIVERSIDADE PARANAENSE;437;Universidade;PR;Umuarama;65;3
FACULDADE DE SANTA LUZIA;1581;Faculdade ;MG;Santa Luzia;100;0
CENTRO UNIVERSITARIO FILADÉLFIA;430;Centro Universitário;PR;Londrina;50;0
CENTRO UNIVERSITARIO ESTACIO DE SANTA CATARINA - ESTACIO SANTA CATARINA;1510;Centro Universitário;SC;São José;50;0
Faculdade UNIRB - ARAPIRACA;3182;Faculdade ;AL;Arapiraca;100;0
CENTRO UNIVERSITARIO UNISEP;1657;Centro Universitário;PR;Dois Vizinhos;80;1
FACULDADE EDUCACIONAL DE PONTA GROSSA;1774;Faculdade ;PR;Ponta Grossa;73;0
FACULDADES INTEGRADAS DE SERGIPE;14622;Faculdade ;SE;Tobias Barreto;200;0
CENTRO UNIVERSITARIO BARAO DE MAUA;138;Centro Universitário;SP;Ribeirão Preto;60;0
Escola de Ensino Superior do Agreste Paraibano;20322;Faculdade ;PB;Guarabira;50;1
FACULDADE DA AMAZÔNIA;3029;Faculdade ;PA;Ananindeua;100;0
CLARETIANO - CENTRO UNIVERSITARIO;1854;Centro Universitário;SP;Rio Claro;60;0
FACULDADE DE TELÊMACO BORBA;1536;Faculdade ;PR;Telêmaco Borba;50;0
Centro Universitário Aeso -  Barros Melo;4420;Centro Universitário;PE;Olinda;120;0
FACULDADE HORIZONTINA;1780;Faculdade ;RS;Horizontina;35;1
Faculdade Unirb - Barreiras;2444;Faculdade ;BA;Barreiras;100;1
FACULDADE CNEC SANTO ÂNGELO;1231;Faculdade ;RS;Santo Ângelo;40;1
Centro Universitário U:VERSE;2343;Centro Universitário;AC;Rio Branco;50;1
CENTRO UNIVERSITARIO ARTHUR SA EARP NETO;1080;Centro Universitário;RJ;Petrópolis;80;0
Faculdade Anhanguera de Indaiatuba;3937;Faculdade ;SP;Indaiatuba;100;0
FACULDADE DE RONDONÓPOLIS;781;Faculdade ;MT;Rondonópolis;90;1
FACULDADE DE FILOSOFIA CIÊNCIAS E LETRAS DE ITUVERAVA;438;Faculdade ;SP;Ituverava;50;0
FACULDADE UNINASSAU CARUARU;14717;Faculdade ;PE;Caruaru;120;6
Faculdade da Serra Gaúcha de Bento Gonçalves;12523;Faculdade ;RS;Bento Gonçalves;80;0
INSTITUTO DE ENSINO SUPERIOR FRANCISCANO;1931;Faculdade ;MA;Paço do Lumiar;200;3
Faculdade Estácio de Jaraguado Sul;22191;Faculdade ;SC;Jaraguá do Sul;50;2
Faculdade Geraldo Veloso;22252;Faculdade ;PA;Ourilândia do Norte;10;0
CENTRO UNIVERSITARIO FACISA;1334;Centro Universitário;PB;Campina Grande;100;5
Faculdade Assis Gurgacz;1612;Faculdade ;PR;Toledo;290;0
CENTRO UNIVERSITARIO DO SUL DE MINAS;3368;Centro Universitário;MG;Varginha;120;3
FACULDADE ESPECIALIZADA NA AREA DE SAÚDE DO RIO GRANDE DO SUL;11429;Faculdade ;RS;Passo Fundo;100;5
FACULDADE DE FILOSOFIA, CIÊNCIAS E LETRAS DE CAJAZEIRAS;1076;Faculdade ;PB;Cajazeiras;50;2
UNIVERSIDADE REGIONAL INTEGRADA DO ALTO URUGUAI E DAS MISSÕES;423;Universidade;RS;Erechim;80;0
FACULDADE DO CENTRO LESTE;1409;Faculdade ;ES;Serra;60;1
CENTRO UNIVERSITARIO ASSIS GURGACZ;1336;Centro Universitário;PR;Cascavel;40;0
FACULDADE PARANAENSE;432;Faculdade ;PR;Rolândia;100;0
CENTRO UNIVERSITARIO VALE DO SALGADO;2043;Centro Universitário;CE;Icó;70;2
FACULDADE ANHANGUERA DE LIMEIRA;3936;Faculdade ;SP;Limeira;120;0
FACULDADE DE ENSINO SUPERIOR DO CENTRO DO PARANA;2582;Faculdade ;PR;Pitanga;100;0
INSTITUTO DE ENSINO SUPERIOR DO SUL DO MARANHAO;2724;Faculdade ;MA;Imperatriz;100;0
UNIVERSIDADE IGUAÇU;330;Universidade;RJ;Nova Iguaçu;45;0
FACULDADE DE CIÊNCIAS DO TOCANTINS;14947;Faculdade ;TO;Araguaína;60;6
CENTRO UNIVERSITARIO UNA DE BOM DESPACHO;15452;Centro Universitário;MG;Bom Despacho;120;0
FAI - CENTRO DE ENSINO SUPERIOR EM GESTAO, TECNOLOGIA E EDUCAÇAO;166;Faculdade ;MG;Santa Rita do Sapucaí;120;0
FACULDADE ZACARIAS DE GÓES;2568;Faculdade ;BA;Valença;100;3
Centro Universitário de Adamantina;1292;Centro Universitário;SP;Adamantina;50;0
INSTITUTO DE EDUCAÇAO SUPERIOR RAIMUNDO SA;3930;Faculdade ;PI;Picos;80;1
FACULDADE DE OLÍMPIA;1619;Faculdade ;SP;Olímpia;50;0
FACULDADE DE IPORA;2796;Faculdade ;GO;Iporá;50;0
FACULDADE UNINASSAU PARNAÍBA;1552;Faculdade ;PI;Parnaíba;120;4
FACULDADE PIAGET;14715;Faculdade ;SP;Suzano;60;0
FACULDADE EVOLUÇAO ALTO OESTE POTIGUAR;11841;Faculdade ;RN;Pau dos Ferros;80;0
FACULDADE DO SUL;2944;Faculdade ;BA;Itabuna;100;11
FACULDADE EMPRESARIAL DE CHAPECÓ;2766;Faculdade ;SC;Chapecó;100;1
CENTRO UNIVERSITARIO FUNDAÇAO DE ENSINO OCTAVIO BASTOS - FEOB;1836;Centro Universitário;SP;São João da Boa Vista;60;1
FACULDADE CENTRAL DE CRISTALINA;1696;Faculdade ;GO;Cristalina;45;0
FACULDADE LUCIANO FEIJAO;3862;Faculdade ;CE;Sobral;195;4
FACULDADE DE APUCARANA;1325;Faculdade ;PR;Apucarana;40;1
FACULDADE DE ENSINO SUPERIOR SANTA BARBARA;3940;Faculdade ;SP;Tatuí;70;0
FACULDADE DO VALE DO ITAJAÍ MIRIM;2755;Faculdade ;SC;Brusque;80;0
CENTRO UNIVERSITARIO CLARETIANO;135;Centro Universitário;SP;Batatais;120;2
FACULDADES INTEGRADAS DO CEARA - UniFIC;19173;Faculdade ;CE;Iguatu;100;2
CENTRO UNIVERSITARIO DA VITÓRIA DE SANTO ANTAO;3515;Centro Universitário;PE;Vitória de Santo Antão;240;0
FACULDADE UNIAO DE CAMPO MOURAO;12766;Faculdade ;PR;Campo Mourão;80;0
Faculdade REGES de Realeza;1800;Faculdade ;PR;Realeza;200;0
Centro Universitário União das Américas;1716;Centro Universitário;PR;Foz do Iguaçu;90;0
CENTRO UNIVERSITARIO DE BARRA MANSA;514;Centro Universitário;RJ;Barra Mansa;65;0
FACULDADE GUARAÍ;3363;Faculdade ;TO;Guaraí;50;0
CENTRO UNIVERSITARIO DA GRANDE DOURADOS;673;Centro Universitário;MS;Dourados;320;4
UNIVERSIDADE JOSÉ DO ROSARIO VELLANO;30;Universidade;MG;Alfenas;80;0
FACULDADE ANHANGUERA DE SUMARÉ;11308;Faculdade ;SP;Sumaré;50;1
Faculdade do Maciço do Baturité;17628;Faculdade ;CE;Baturité;100;0
Centro Universitário IDEAU;3339;Centro Universitário;RS;Getúlio Vargas;100;0
Faculdade de Ciências Educacionais de Capim Grosso;2753;Faculdade ;BA;Capim Grosso;100;0
FACULDADE UNIBRAS DO NORTE GOIANO;4586;Faculdade ;GO;Porangatu;50;0
CENTRO UNIVERSITARIO DAS FACULDADES INTEGRADAS DE OURINHOS;265;Centro Universitário;SP;Ourinhos;50;2
Centro Universitário Governador Ozanam Coelho;1362;Centro Universitário;MG;Ubá;80;9
Faculdade do Centro Maranhense;19287;Faculdade ;MA;Barra do Corda;100;0
FACULDADE ANHANGUERA DE JUNDIAA;1412;Faculdade ;SP;Jundiaí;60;0
Faculdade Multivix de Cachoeiro;1970;Faculdade ;ES;Cachoeiro de Itapemirim;150;1
CENTRO UNIVERSITARIO NOSSA SENHORA DO PATROCÍNIO;1149;Centro Universitário;SP;Salto;80;0
Centro Universitário Campo Limpo Paulista;1273;Centro Universitário;SP;Campo Limpo Paulista;50;0
Centro Universitário Católica do Leste de Minas Gerais ;878;Centro Universitário;MG;Coronel Fabriciano;120;0
Centro Universitário da Região da Campanha;296;Centro Universitário;RS;Bagé;40;0
FACULDADE PRESIDENTE ANTÔNIO CARLOS;5544;Faculdade ;TO;Porto Nacional;120;2
CENTRO UNIVERSITARIO AMPARENSE;1225;Centro Universitário;SP;Amparo;100;0
Faculdade Mais de Ituiutaba ;507;Faculdade ;MG;Ituiutaba;80;0
FACULDADES INTEGRADAS DE BAURU;1092;Faculdade ;SP;Bauru;120;0
Faculdade de Quixeramobim;17670;Faculdade ;CE;Quixeramobim;80;0
FACULDADE DE CIÊNCIAS SOCIAIS APLICADAS DO VALE DO SAO LOURENÇO;796;Faculdade ;MT;Jaciara;70;2
FACULDADE DE CIÊNCIAS SOCIAIS E AGRARIAS DE ITAPEVA;1281;Faculdade ;SP;Itapeva;50;10
FACULDADE SERRA DA MESA;3757;Faculdade ;GO;Uruaçu;40;2
FACULDADE DE TECNOLOGIA E CIÊNCIAS DE JEQUIÉ;1645;Faculdade ;BA;Jequié;60;6
CENTRO TÉCNICO-EDUCACIONAL SUPERIOR DO OESTE PARANAENSE;810;Faculdade ;PR;Assis Chateaubriand;50;0
FACULDADE DE DESENVOLVIMENTO DAS CIÊNCIAS E HUMANIDADES;545;Faculdade ;MG;Itabira;140;1
FACULDADE DE INFORMATICA DE OURO PRETO DO OESTE;2779;Faculdade ;RO;Ouro Preto do Oeste;50;0
CENTRO UNIVERSITARIO DOS GUARARAPES;1805;Centro Universitário;PE;Jaboatão dos Guararapes;90;0
Faculdade Presidente Antônio Carlos de Governador Valadares;14162;Faculdade ;MG;Governador Valadares;100;0
CENTRO UNIVERSITARIO REDENTOR;2571;Centro Universitário;RJ;Itaperuna;60;1
CENTRO UNIVERSITARIO PRESIDENTE TANCREDO DE ALMEIDA NEVES;1599;Centro Universitário;MG;São João del Rei;100;6
CENTRO DE ENSINO SUPERIOR DO VALE SAO FRANCISCO;674;Faculdade ;PE;Belém de São Francisco;100;4
Faculdade Vértix Trirriense;18048;Faculdade ;RJ;Três Rios;120;5
FACULDADE SANTA CECÍLIA;652;Faculdade ;SP;Pindamonhangaba;40;0
FACULDADE VERDE NORTE;2910;Faculdade ;MG;Mato Verde;80;0
FACULDADE UNIFAMETRO MARACANAÚ;19337;Faculdade ;CE;Maracanaú;100;1
CENTRO UNIVERSITARIO FACVEST;3840;Centro Universitário;SC;Lages;60;0
FACULDADE SENAC BLUMENAU;3948;Faculdade ;SC;Blumenau;50;0
CENTRO UNIVERSITARIO SALESIANO DE SAO PAULO;1032;Centro Universitário;SP;Americana;45;0
FACULDADE DE PRESIDENTE VENCESLAU;3513;Faculdade ;SP;Presidente Venceslau;50;0
CENTRO UNIVERSITARIO DA FUNDAÇAO EDUCACIONAL GUAXUPÉ;3875;Centro Universitário;MG;Guaxupé;30;0
FACULDADE UNIAO DE GOYAZES;3987;Faculdade ;GO;Trindade;60;1
FACULDADE INTEGRADA DE SANTA MARIA;2647;Faculdade ;RS;Santa Maria;75;5
FACULDADE SENAC PALHOÇA;18201;Faculdade ;SC;Palhoça;100;0
FACULDADE REGES DE OSVALDO CRUZ;1122;Faculdade ;SP;Osvaldo Cruz;50;0
FACULDADE DE PALMAS;2148;Faculdade ;TO;Palmas;100;0
CENTRO UNIVERSITARIO DE FORMIGA;3983;Centro Universitário;MG;Formiga;50;0
Faculdade Pitágoras Unidade Paragominas;17666;Faculdade ;PA;Paragominas;25;0
CENTRO UNIVERSITARIO CATÓLICO SALESIANO AUXILIUM;4522;Centro Universitário;SP;Lins;60;0
FACULDADE DE INTEGRAÇAO DO SERTAO;3881;Faculdade ;PE;Serra Talhada;140;9
FACULDADE ANHANGUERA DE VALINHOS;3612;Faculdade ;SP;Valinhos;100;0
CENTRO UNIVERSITARIO DE CARATINGA;3966;Centro Universitário;MG;Caratinga;60;3
FACULDADE ANHANGUERA DE SANTA BARBARA;4138;Faculdade ;SP;Santa Bárbara d¿Oeste;210;0
FACULDADE PITAGORAS DE IPATINGA;2271;Faculdade ;MG;Ipatinga;150;0
FACULDADE EDUCACIONAL DE MEDIANEIRA;1574;Faculdade ;PR;Medianeira;100;0
CENTRO UNIVERSITARIO LEONARDO DA VINCI;1472;Centro Universitário;SC;Indaial;100;0
FACULDADES INTEGRADAS DE ARACRUZ;798;Faculdade ;ES;Aracruz;60;0
FACULDADE CALAFIORI;2124;Faculdade ;MG;São Sebastião do Paraíso;100;0
FACULDADE DE ADMINISTRAÇAO DE FATIMA DO SUL;915;Faculdade ;MS;Fátima do Sul;100;0
FACULDADE DE CIÊNCIAS E TECNOLOGIAS DE CAMPOS GERAIS;2428;Faculdade ;MG;Campos Gerais;60;3
FACULDADE PITAGORAS DE TEIXEIRA DE FREITAS;2437;Faculdade ;BA;Teixeira de Freitas;100;3
CENTRO UNIVERSITARIO DE VOTUPORANGA;222;Centro Universitário;SP;Votuporanga;150;1
FACULDADE CASTELO BRANCO;1840;Faculdade ;ES;Colatina;112;0
FACULDADE DE SORRISO;1945;Faculdade ;MT;Sorriso;47;1
FACULDADE CATÓLICA RAINHA DA PAZ DE ARAPUTANGA;1375;Faculdade ;MT;Araputanga;80;0
ESCOLA SUPERIOR DE SAÚDE DE ARCOVERDE;4858;Faculdade ;PE;Arcoverde;50;6
CENTRO UNIVERSITARIO ALFREDO NASSER;1573;Centro Universitário;GO;Aparecida de Goiânia;200;1
INSTITUIÇAO DE ENSINO SUPERIOR DE CACOAL;13792;Faculdade ;RO;Cacoal;100;0
Centro Universitário UNIFAAT;5312;Centro Universitário;SP;Atibaia;240;0
Faculdade Cesmac do Sertão;17224;Faculdade ;AL;Palmeira dos Índios;120;7
INSTITUTO DE ENSINO SUPERIOR MÚLTIPLO;3375;Faculdade ;MA;Timon;100;0
Faculdade CNEC Itajaí;1506;Faculdade ;SC;Itajaí;100;0
FACULDADE CNEC RIO DAS OSTRAS;2334;Faculdade ;RJ;Rio das Ostras;80;3
Faculdade Uninta Itapipoca;20547;Faculdade ;CE;Itapipoca;50;3
INSTITUTO SUPERIOR DE EDUCAÇAO DO CENTRO EDUCACIONAL NOSSA SENHORA AUXILIADORA;1962;Faculdade ;RJ;Campos dos Goytacazes;60;0
ALFA - Faculdade de Almenara;3756;Faculdade ;MG;Almenara;50;2
Centro de Ensino Superior CESUL;1523;Faculdade ;PR;Francisco Beltrão;100;2
FACULDADE INTEGRADA CARAJAS;14901;Faculdade ;PA;Redenção;150;12
FACULDADE DE EDUCAÇAO E TECNOLOGIA DA AMAZÔNIA;16898;Faculdade ;PA;Abaetetuba;100;1
FACULDADE ÚNICA DE TIMÓTEO;14242;Faculdade ;MG;Timóteo;80;0
Faculdade Doctum de Carangola;5276;Faculdade ;MG;Carangola;100;2
CENTRO UNIVERSITARIO DE VOLTA REDONDA;489;Centro Universitário;RJ;Volta Redonda;180;1
FACULDADES DE DRACENA;1420;Faculdade ;SP;Dracena;66;16
FACULDADES INTEGRADAS DE JAHU;1355;Faculdade ;SP;Jaú;50;0
FACULDADES INTEGRADAS STELLA MARIS DE ANDRADINA;1844;Faculdade ;SP;Andradina;40;0
FACULDADE METROPOLITANA DE RIO DO SUL;4157;Faculdade ;SC;Rio do Sul;200;0
Faculdade Multivix Nova Venécia;1359;Faculdade ;ES;Nova Venécia;100;2
CENTRO UNIVERSITARIO BRAZ CUBAS;526;Centro Universitário;SP;Mogi das Cruzes;100;0
FACULDADE DE AMPÉRE;2620;Faculdade ;PR;Ampére;50;0
FACULDADE PARA O DESENVOLVIMENTO SUSTENTAVEL DA AMAZÔNIA;15383;Faculdade ;PA;Parauapebas;80;0
FACULDADE VÉRTICE;4846;Faculdade ;MG;Matipó;120;34
FACULDADE DE ENSINO SUPERIOR E FORMAÇAO INTEGRAL;1307;Faculdade ;SP;Garça;60;1
FACULDADE TECSOMA;1319;Faculdade ;MG;Paracatu;100;0
FACULDADE DE FRUTAL;3793;Faculdade ;MG;Frutal;50;0
Faculdade Presidente Antônio Carlos de Baependi;14101;Faculdade ;MG;Baependi;100;0
FACULDADES INTEGRADAS DE TANGARA DA SERRA;1587;Faculdade ;MT;Tangará da Serra;90;0
FACULDADE DE TUPA;270;Faculdade ;SP;Tupã;80;0
FETAC - FACULDADE DE EDUCAÇAO, TECNOLOGIA E ADMINISTRAÇAO DE CAARAPÓ;12748;Faculdade ;MS;Caarapó;100;0
FACULDADE CAPIVARI;1918;Faculdade ;SC;Capivari de Baixo;38;2
FACULDADE DE AGUDOS;1834;Faculdade ;SP;Agudos;100;0
FACULDADE DA REGIAO SERRANA;1862;Faculdade ;ES;Santa Maria de Jetibá;50;0
FACULDADE DE HORTOLÂNDIA;886;Faculdade ;SP;Hortolândia;100;0
Faculdade AGES de Jacobina;19408;Faculdade ;BA;Jacobina;100;0
FACULDADE DE FILOSOFIA CIÊNCIAS E LETRAS DE PENAPOLIS;68;Faculdade ;SP;Penápolis;100;0
FACULDADE DE BOITUVA;1545;Faculdade ;SP;Boituva;150;0
FACULDADES INTEGRADAS ADVENTISTAS DE MINAS GERAIS;3754;Faculdade ;MG;Lavras;50;0
FACULDADE RAIMUNDO MARINHO DE PENEDO;18874;Faculdade ;AL;Penedo;200;0
FACULDADE ANHANGUERA DE SERTAOZINHO;1456;Faculdade ;SP;Sertãozinho;100;0
FACULDADE DE SAO LOURENÇO;828;Faculdade ;MG;São Lourenço;50;0
FACULDADE ALFREDO NASSER DE REMANSO;11862;Faculdade ;BA;Remanso;120;0
FACULDADE DE ILHA SOLTEIRA;1562;Faculdade ;SP;Ilha Solteira;150;0
CENTRO UNIVERSITARIO ANHANGAœERA;1045;Centro Universitário;SP;Leme;40;2
FACULDADE VALE DO GORUTUBA;2200;Faculdade ;MG;Nova Porteirinha;50;1
UNIVERSIDADE VALE DO RIO VERDE;27;Universidade;MG;Três Corações;50;0
Faculdade Presidente Antônio Carlos de Teófilo Otoni;14156;Faculdade ;MG;Teófilo Otoni;100;2
CENTRO UNIVERSITARIO CATHEDRAL;1952;Centro Universitário;MT;Barra do Garças;144;2
FACULDADE DE VIÇOSA;1721;Faculdade ;MG;Viçosa;60;0
CENTRO UNIVERSITARIO PITAGORAS DE MARABA;4452;Centro Universitário;PA;Marabá;25;2
FACULDADES INTEGRADAS DE PRIMAVERA DO LESTE;2973;Faculdade ;MT;Primavera do Leste;120;0
FACULDADE UNA DE CATALAO;18474;Faculdade ;GO;Catalão;100;1
FACULDADE DE AMAMBAI;1204;Faculdade ;MS;Amambaí;100;0
FACULDADE DE CIÊNCIAS E TECNOLOGIA DA BAHIA;5473;Faculdade ;BA;Santa Maria da Vitória;200;0
CENTRO UNIVERSITARIO FAMINAS;1913;Centro Universitário;MG;Muriaé;60;4
FACULDADE UNIRB - JUAZEIRO ;15667;Faculdade ;BA;Juazeiro;100;0
INSTITUTO MUNICIPAL DE ENSINO SUPERIOR DE ASSIS;881;Faculdade ;SP;Assis;40;1
FACULDADE ESTACIO DE CASTANHAL;4915;Faculdade ;PA;Castanhal;40;0
CENTRO UNIVERSITARIO DE SANTA FÉ DO SUL;1356;Centro Universitário;SP;Santa Fé do Sul;60;15
UNIVERSIDADE ALTO VALE DO RIO DO PEIXE;15032;Universidade;SC;Caçador;50;2
Faculdade UNICESUMAR de Corumbá;24488;Faculdade ;MS;Corumbá;50;8
UNIVERSIDADE DE UBERABA;143;Universidade;MG;Uberaba;120;5
Faculdades EST;1382;Faculdade ;RS;São Leopoldo;60;1
FACULDADE SAO VICENTE;2642;Faculdade ;AL;Pão de Açúcar;50;0
