nome_local_oferta;codigo_local_oferta;municipio_local_oferta;uf_local;vagas_ofertadas_fies;vagas_alem_oferta
UNIDADE SEDE;4201;Juazeiro do Norte;CE;20;20
CAMPUS PRINCIPAL;1070116;Petrolina;PE;40;22
UNIDADE JATIÚCA;1006627;Maceió;AL;15;35
CANTO DO FORTE;658856;Praia Grande;SP;10;0
NOVA SEDE: REBOUÇAS;1926;Curitiba;PR;13;0
FMU - SANTO AMARO;706435;São Paulo;SP;13;13
UNIDADES 1/2;659007;Manaus;AM;25;0
CAMPUS  - SANTO ANDRÉ - CENTRO;657799;Santo André;SP;18;57
CAMPUS  - JOINVILLE - GLÓRIA;660101;Joinville;SC;94;221
INTERLAGOS;25759;São Paulo;SP;32;48
UNIDADE CIDADE NOVA;1081198;Manaus;AM;20;0
CAMPUS  - SO LUÍS DE MONTES BELOS - SETOR UNIVERSITÁRIO;659096;São Luís de Montes Belos;GO;15;35
POLO NA SEDE;657921;Duque de Caxias;RJ;10;0
UNIDADE ÁGUAS CLARAS;1060898;Brasília;DF;40;60
FACULDADE PERNAMBUCANA DE SAÚDE;1082268;Recife;PE;15;0
UNIDADE UNEF - LUIS EDUARDO MAGALHES;1058601;Feira de Santana;BA;15;35
FVG;1112308;São Paulo;SP;16;0
GUARULHOS CENTRO;103202;Guarulhos;SP;60;0
CAMPUS  - SO PAULO - SANTANA;657908;São Paulo;SP;56;84
CENTRO UNIVERSITÁRIO DA SERRA GAÚCHA (FSG);136755;Caxias do Sul;RS;48;0
PRADO;2905;Belo Horizonte;MG;30;70
NOVA IGUAÇU;2744;Nova Iguaçu;RJ;12;38
CAMPUS  - RIO DE JANEIRO - FREGUESIA DE JACAREPAGUÁ;660018;Rio de Janeiro;RJ;10;0
CAMPUS  - FEIRA DE SANTANA - SIM;658223;Feira de Santana;BA;30;0
UNIDADE VILA LEOPOLDINA;1095581;São Paulo;SP;10;0
UNIDADE ACADÊMICA;1056034;São Luís;MA;43;66
Campus FG;1065295;Guanambi;BA;20;0
CAMPUS UNIPÊ;657848;João Pessoa;PB;25;0
CHCARA DAS MANS¿ES (SEDE);30981;Campo Grande;MS;40;60
OSASCO;1060971;Osasco;SP;15;35
PARÁ;658950;Belém;PA;40;60
ARACAJU;100687;Aracaju;SE;37;88
CAMPUS  - LUÍS EDUARDO MAGALHES - MIMOSO DO OESTE;659664;Luís Eduardo Magalhães;BA;40;0
UNIDADE SEDE - CENTRO;1039739;Rio de Janeiro;RJ;25;24
CAMPUS  - EXTREMA - VILA RICA;659064;Extrema;MG;26;0
UNIDADE  - PIRASSUNUNGA - JARDIM URUPÊS;702273;Pirassununga;SP;3;3
UNIDADE  - PORTO VELHO - JARDIM ELDORADO;658249;Porto Velho;RO;40;0
CAXIAS-CENTRO;105246;Caxias;MA;25;25
UNIDADE BANGU;1043605;Rio de Janeiro;RJ;10;10
POLO SP_PAULISTA;1085415;São Paulo;SP;50;0
CENTRO UNIVERSITÁRIO DE SETE LAGOAS;659976;Sete Lagoas;MG;20;30
CAMPUS  - CAMPINAS - FAZENDA SANTA CÂNDIDA;705589;Campinas;SP;18;1
SEDE;1072424;Horizonte;CE;20;80
CAMPUS  - SO LUÍS - RENASCENÇA;658845;São Luís;MA;20;10
Uninilton Lins;658021;Manaus;AM;120;0
UNINASSAU - Sede;659319;Recife;PE;92;0
ANEXO I;1076070;Teresina;PI;20;20
Campus Sede;1044032;Betim;MG;36;0
VILA PRUDENTE;1063075;São Paulo;SP;130;130
CAMPUS SO MIGUEL;659473;Juazeiro do Norte;CE;55;30
SEDE - P. SHOPPING;1101320;Salvador;BA;48;72
FACULDADE FASIPE;1108951;Cuiabá;MT;20;20
UNIVERSIDADE DO CEUMA - UNICEUMA - CAMPUS IMPERATRIZ;1058879;Imperatriz;MA;25;25
Faculdade Cearense;659133;Fortaleza;CE;48;0
ULBRA CANOAS;657901;Canoas;RS;40;0
CAMPUS  - UBERLÂNDIA - MARTINS;658510;Uberlândia;MG;3;1
BLOCO MERCÊS;1056543;Salvador;BA;22;0
UNIDADE DE ENSINO X;1041219;Manaus;AM;45;0
FACULDADE LS - LOTE 05 - BLOCO A;659478;Brasília;DF;40;60
UNIAVAN_SEDE;658924;Balneário Camboriú;SC;20;0
CAMPUS  - ARAXÁ - SO GERALDO;658592;Araxá;MG;18;0
UNIDADE VERGUEIRO SEDE;706703;São Paulo;SP;28;28
UNIDADE  - LAURO DE FREITAS - CENTRO;658951;Lauro de Freitas;BA;40;60
MANAUS I;377;Manaus;AM;46;69
BOA VISTA;1039741;Boa Vista;RR;25;75
VENDA NOVA III;1073426;Belo Horizonte;MG;30;70
CAMPUS PAULISTA II;1055963;São Paulo;SP;20;0
CAMPUS VILA OLIMPIA;707833;São Paulo;SP;68;0
CAMPUS  - PARIPIRANGA - CENTRO;658644;Paripiranga;BA;25;0
ABDIAS DE CARVALHO;658241;Recife;PE;36;84
CAMPUS ARACAJU FAROLÂNDIA;657873;Aracaju;SE;20;0
TERESINA - HORTO FLORESTAL;658725;Teresina;PI;21;0
CAMPUS II;2522;Presidente Prudente;SP;50;0
CAMPUS I  SEDE ADMINISTRATIVA PRESIDENTE PRUDENTE;657815;Presidente Prudente;SP;15;0
CAMPUS SANTA MÔNICA;6801;Feira de Santana;BA;20;0
ESUCRI - ESCOLA SUPERIOR DE CRICIÚMA;658691;Criciúma;SC;10;5
ARAÇATUBA;658465;Araçatuba;SP;24;36
CAMPUS UNIVERSITÁRIO DA REGIO DOS VINHEDOS;585;Bento Gonçalves;RS;10;0
CAMPUS  - MANAUS - DISTRITO INDUSTRIAL;658220;Manaus;AM;24;30
CAMPUS  - ITU - PARQUE INDUSTRIAL;657896;Itu;SP;16;0
Faculdade Funorte de Janaúba;1072257;Janaúba;MG;60;140
UNIDADE ITABUNA;1050955;Ilhéus;BA;9;0
UNIDADE II;1037197;Araraquara;SP;10;0
UNIFAMAZ - CENTRO UNIVERSITÁRIO METROPOLITANO DA AMAZÔNIA;1041237;Belém;PA;40;40
CAMPUS  - SO MANUEL - CHACARA SALTINHO;658632;São Manuel;SP;60;60
UNIDADE  SEDE - PORTO ALEGRE;658406;Porto Alegre;RS;40;10
ESAMC SANTOS;105564;Santos;SP;4;0
UNIDADE - ASA SUL;1791;Brasília;DF;8;8
SANTA CRUZ DO SUL (SEDE);1002398;Santa Cruz do Sul;RS;15;0
BONSUCESSO (SEDE);657818;Rio de Janeiro;RJ;15;15
CAMPUS RUDGE;1069717;São Paulo;SP;25;10
PONTA NEGRA;705036;Natal;RN;37;88
SANTO ANDRÉ - UNIABC;1002303;Santo André;SP;30;70
CAMPUS  - DIVINÓPOLIS - DO CARMO;659386;Divinópolis;MG;57;86
SEDE - SANTO AMARO;1043954;São Paulo;SP;5;5
CENTRO;1081990;Campo Grande;MS;20;0
ANGRA DOS REIS;1054146;Angra dos Reis;RJ;12;38
CENTRO IV - PRAÇA ONZE;1486;Rio de Janeiro;RJ;72;108
Campus Pedra Branca;344;Palhoça;SC;40;0
ISAAC NEWTON;1076831;Botucatu;SP;12;0
NORTE SHOPPING;7672;Rio de Janeiro;RJ;102;238
RIO BRANCO;101198;Juiz de Fora;MG;40;40
CAMPUS NATAL - UNIDADE JOO MEDEIROS;1067760;Natal;RN;15;0
CAMPUS 1;658461;Porto Velho;RO;40;0
Campus Sede (Unid. 1 e 2);657757;São Paulo;SP;4;1
CAMPUS ITAPETININGA;1051806;Itapetininga;SP;50;50
UNIDADE JK;1072697;Patos de Minas;MG;30;70
CENTRO DE GESTO E NEGÓCIOS - ETEP CGN;1054144;São José dos Campos;SP;20;20
CAMPUS UNIMONTE;657938;Santos;SP;40;0
Campus Principal;1090732;São José dos Campos;SP;36;36
CAMPUS SEDE;1058303;Limoeiro do Norte;CE;8;32
POLO SEDE;1056202;Goiânia;GO;15;9
CAMPUS GUARULHOS;1081809;Guarulhos;SP;50;50
CENTRO DE ENSINO SUPERIOR DE CONSELHEIRO LAFAIETE;659522;Conselheiro Lafaiete;MG;8;0
CAMPUS PARALELA - SALVADOR (SEDE);34501;Salvador;BA;27;0
FBT - ARACAJU;1075637;Aracaju;SE;15;35
CAMPUS FASAR (UNIDADE SEDE);1109352;Conselheiro Lafaiete;MG;3;0
Unirb-Alagoinhas;659650;Alagoinhas;BA;30;70
SO JOSÉ DO RIO PARDO;1081234;São José do Rio Pardo;SP;69;161
FACULDADE PITAGORAS DE FEIRA DE SANTANA;1069926;Feira de Santana;BA;40;60
CAMPUS VII - MARQUÊS;2643;São Paulo;SP;103;242
TURU;658496;São Luís;MA;30;45
TAGUATINGA;658661;Brasília;DF;50;50
CENTRO UNIVERSITÁRIO UNIBTA;1082239;São Paulo;SP;10;20
Campus Continente;1096342;Florianópolis;SC;30;0
CAMPUS  - RIO DE JANEIRO - REALENGO;28199;Rio de Janeiro;RJ;60;60
MEMORIAL;1801;São Paulo;SP;62;62
CAMPUS SEDE - LUZIÂNIA;658121;Luziânia;GO;45;105
CAMPUS  - TIANGUÁ - CENTRO;659163;Tianguá;CE;15;35
CARAPICUÍBA;1051161;Carapicuíba;SP;48;72
CAMPUS - ARARAQUARA - CENTRO;658587;Araraquara;SP;30;10
ESCOLA SUPERIOR DE TECNOLOGIA E EDUCAÇO DE PORTO FERREIRA;1049596;Porto Ferreira;SP;9;0
UNESC;1060921;Vilhena;RO;4;0
CENTRO UNIVERSITÁRIO LUTERANO DE MANAUS;696119;Manaus;AM;20;0
CAMPUS - BRAGANÇA PAULISTA - PENHA;657935;Bragança Paulista;SP;20;10
UNIVERSIDADE CEUMA - UNICEUMA - CAMPUS RENASCENÇA;658119;São Luís;MA;15;15
CAMPUS GETÚLIO;659920;Paranavaí;PR;10;0
FACULDADE DO VALE DO JAGUARIBE;140782;Aracati;CE;50;50
CIDADE UNIVERSITÁRIA;1000208;Sorocaba;SP;15;2
CAMPUS-ALEXANDRE CHADDAD;102503;Avaré;SP;18;42
CAMPUS - VÁRZEA GRANDE - CRISTO REI;658106;Várzea Grande;MT;40;40
CAMPUS  - PEDREIRAS - ENGENHO;692161;Pedreiras;MA;15;0
VIA CORPVS;1870;Fortaleza;CE;20;60
FACULDADE DOCTUM DE VITÓRIA;1033966;Vitória;ES;10;0
UNIDADE LIBERDADE;1109462;São Paulo;SP;12;25
CAMPUS  - BARRETOS - AEROPORTO/MARIETA;659572;Barretos;SP;16;0
FACULDADE ANHANGUERA DE VALPARASO - QUADRA 5;659283;Valparaíso de Goiás;GO;30;30
CAMPUS  - VITÓRIA DA CONQUISTA - EXPOSIÇO;699310;Vitória da Conquista;BA;15;0
UNIVERSIDADE POSITIVO - UNIDADE PRAÇA OSÓRIO;1070337;Curitiba;PR;25;0
UNIDADE I;1036273;Guarapuava;PR;40;20
UNIO DAS FACULDADES DOS GRANDES LAGOS - UNILAGO;658218;São José do Rio Preto;SP;20;0
POLO SP_SAO MIGUEL PAULISTA (SEDE);657790;São Paulo;SP;40;0
UNIDADE MÉIER NÚCLEO DE TECNOLOGIA;1054418;Rio de Janeiro;RJ;30;0
FACULDADE CENECISTA NOSSA SENHORA DOS ANJOS;659029;Gravataí;RS;40;0
UNIDADE ITAJUBÁ;1066173;Curitiba;PR;50;0
FEIRA DE SANTANA;1043416;Feira de Santana;BA;30;45
Campus Sede Aimorés e NEAD;1842;Belo Horizonte;MG;32;0
FACULDADE ANHANGUERA DE CAMPINAS - UNIDADE IV (SEDE);659945;Campinas;SP;42;98
ITABAIANA;1687;Itabaiana;SE;40;0
FGN SALVADOR PATAMARES;1076209;Salvador;BA;40;60
CAMPUS CERES;1082193;Ceres;GO;20;0
UNIDADE MUNICIPALIDADE;1040188;Belém;PA;40;40
CAMPUS DE ÁGUAS CLARAS;26032;Brasília;DF;120;120
UNIDADE GENERALÍSSIMO;1042172;Belém;PA;50;25
CAMPUS - SOROCABA - CENTRO;658580;Sorocaba;SP;32;48
SO LUÍS;707738;São Luís;MA;15;45
CAMPUS MOOCA;2503;São Paulo;SP;7;0
Campus Tubarão;1044591;Tubarão;SC;30;0
CAMPUS CORA CORALINA;659780;Goiânia;GO;5;0
UNIDADE  - RIBEIRA DO POMBAL - POMBALZINHO;659581;Ribeira do Pombal;BA;30;70
SEDE IJUÍ I;2563;Ijuí;RS;10;0
UNIDADE FORTALEZA - CENTRO;659929;Fortaleza;CE;30;30
CAMPUS  - MARÍLIA;704699;Marília;SP;40;0
SANTOS REIS;1081485;Parnamirim;RN;36;0
VITÓRIA;1086421;Vitória;ES;4;0
CAMPUS - FORTALEZA - EDSON QUEIROZ;657967;Fortaleza;CE;80;24
UNI-RN;658360;Natal;RN;48;10
CAMPUS  - RIO DE JANEIRO - CAMPO GRANDE;659858;Rio de Janeiro;RJ;11;36
ESTAÇO;1094013;Goiânia;GO;160;240
UNIRB MOSSORO NOVA SEDE;1078045;Mossoró;RN;28;42
MARES;1089831;Salvador;BA;25;75
CAMPUS  - ALAGOINHAS - CENTRO;658499;Alagoinhas;BA;20;5
SEDE NOVA - BARRO VERMELHO;1115593;Natal;RN;30;70
FACULDADES INTEGRADAS DE TRES LAGOAS - AEMS;658213;Três Lagoas;MS;15;0
BEZERRA DE MENEZES;1093024;Fortaleza;CE;12;0
BRASILIA - UNIVERSIDADE CATÓLICA DE BRASÍLIA;657876;Brasília;DF;4;0
Uninabuco Caxangá;1113890;Recife;PE;30;0
CAMPUS COPACABANA - DORIVAL CAYMMI;435;Rio de Janeiro;RJ;12;38
CAMPUS CATUAÍ;1081454;Maringá;PR;48;0
UNIDADE DE ENSINO PLAZA;1081199;Manaus;AM;12;0
UNASP CAMPUS ENGENHEIRO COELHO;673;Engenheiro Coelho;SP;1;0
REDENÇO;1083015;Teresina;PI;15;0
SOROCABA I;373;Sorocaba;SP;34;81
CAMPUS  - BRASÍLIA - GUARÁ I;659561;Brasília;DF;12;38
SEDE PARQUELÂNDIA;1067703;Fortaleza;CE;20;0
MOREIRA CAMPOS;658260;Fortaleza;CE;60;90
CAMPUS RUDGE RAMOS;657761;São Bernardo do Campo;SP;24;0
CAMPUS PLANALTO;582;São Bernardo do Campo;SP;64;0
CAMPUS IV;25510;Guarulhos;SP;45;105
UNIDADE 7 (ZONA SUL);1096307;Manaus;AM;12;0
CAMPUS  - SINOP - EUNICE;658933;Sinop;MT;24;36
UNIDADE 2;1060871;Jacareí;SP;32;48
CAMPUS - PIRACICABA - PIRACICAMIRIM;659895;Piracicaba;SP;48;112
SANTO AMARO;658105;São Paulo;SP;24;36
MARUMBY;1004316;Curitiba;PR;80;0
CAMPUS I BELO HORIZONTE;4001;Belo Horizonte;MG;40;20
PAULISTA;1082211;São Paulo;SP;22;0
CAMPUS  - BETIM - BETIM;659828;Betim;MG;44;67
PETRÓPOLIS;1483;Petrópolis;RJ;60;60
CAMPUS  - SALVADOR - PARALELA;658503;Salvador;BA;40;0
UNIVERSIDADE POSITIVO - CAMPUS SEDE;1003235;Curitiba;PR;24;0
ETEP TAUBATÉ;1070032;Taubaté;SP;20;20
CRUZEIRO DO OESTE;1073469;Cruzeiro do Oeste;PR;24;36
ANEXO II;1076073;Teresina;PI;20;20
CAMPUS SANTO AMARO;1107467;São Paulo;SP;25;0
Faculdade de Educação Memorial Adelaide Franco;1056639;Pedreiras;MA;15;15
CAMPUS  ALFA SUL;147211;Manhuaçu;MG;15;15
IMBIRIBEIRA - RECIFE;658354;Recife;PE;40;0
UNIDADE SEDE - CAMPUS BURITIS;1002477;Belo Horizonte;MG;44;66
UNAMA - CAMPUS SEDE;657865;Belém;PA;48;0
Campus TURU;1081411;São Luís;MA;60;0
RECIFE;559;Recife;PE;80;120
Campus JK;658612;Montes Claros;MG;28;68
JOAO PESSOA CENTRO;1056028;João Pessoa;PB;20;30
CAMPUS DIREITO;2537;Taubaté;SP;36;0
UNIDADE FERNANDÓPOLIS - CAMPUS UNIVERSITÁRIO;658384;Fernandópolis;SP;3;0
CENTRO UNIVERSITÁRIO FAI;101642;Itapiranga;SC;32;0
UNIDADE Parangaba;1078392;Fortaleza;CE;36;0
CAMPUS I (PRINCIPAL);707952;Santarém;PA;20;0
INSTITUTO MACAPAENSE DE ENSINO SUPERIOR;1112124;Macapá;AP;9;0
MARINGÁ;658314;Maringá;PR;18;0
CAMPUS  - JOO PINHEIRO - SANTA CRUZ II;659146;João Pinheiro;MG;40;60
NITERÓI;533;Niterói;RJ;40;60
FACULDADE DE FILOSOFIA CIÊNCIAS E LETRAS EUGÊNIO PACELLI;1053;Pouso Alegre;MG;3;0
UNIDADE  - SO MATEUS - UNIVERSITÁRIO;706080;São Mateus;ES;25;0
CAMPINAS I;693679;Campinas;SP;46;69
UNIVERSIDADE POSITIVO -UNIDADE SANTOS ANDRADE;1080011;Curitiba;PR;15;0
Campus Linha Verde;1057083;Belo Horizonte;MG;25;0
FACULDADE ANHANGUERA DE CAMPINAS - UNIDADE III;4233;Campinas;SP;44;66
Campus VI-Juiz de Fora;405;Juiz de Fora;MG;2;0
GILBERTO GIL;658226;Salvador;BA;75;75
CAMPUS  - CERES - SETOR MORADA VERDE;659765;Ceres;GO;18;0
GUAÍRA;472;Guaíra;PR;26;4
CAMPUS UNIVERSITÁRIO VALE DO CAÍ;616;São Sebastião do Caí;RS;15;0
JOO XXIII;1069881;Teresina;PI;30;0
CAMPUS  - SANTA LUZIA - DISTRITO INDUSTRIAL III;695562;Santa Luzia;MG;28;1
CAMPUS  - LONDRINA - CENTRO;657888;Londrina;PR;15;0
BLOCO E;1041305;Recife;PE;48;0
FACULDADES INTEGRADAS SO PEDRO;658437;Vitória;ES;20;30
UNI7 - SUL;658576;Fortaleza;CE;25;0
CAMPUS  - TAUBATÉ - VILA NOSSA SENHORA DAS GRAÇAS;659773;Taubaté;SP;18;27
CAMPUS  - LONDRINA - GLEBA PALHANO;658637;Londrina;PR;60;140
SO JOSÉ;658542;São José;SC;20;30
CENTRO I - PRESIDENTE VARGAS;431;Rio de Janeiro;RJ;50;50
CAMPUS UNIVERSITÁRIO DE NOVA PRATA;604;Nova Prata;RS;15;0
UNIRB MACEIO NOVA SEDE;1078017;Maceió;AL;30;70
UNIDADE Acadêmica Lagoa de Messejana;1056112;Fortaleza;CE;24;36
CAMPUS LAPA;1081356;Salvador;BA;21;0
UNIRB ARAPIRACA;1073447;Arapiraca;AL;30;70
CAMPUS MOSSORÓ;139622;Mossoró;RN;7;0
CENTRO UNIVERSITÁRIO UNISEP - CEUUN;658658;Dois Vizinhos;PR;30;20
CAMPUS  - SO CARLOS - JD. CENTENÁRIO;703236;São Carlos;SP;27;0
SO LUIS - SEDE - BEQUIMO;1058649;São Luís;MA;30;10
CAMPUS  - VITÓRIA DA CONQUISTA - CANDEIAS;658741;Vitória da Conquista;BA;30;28
CAMPUS UNIVERSITÁRIO LONDRINA - CATUAÍ;2570;Londrina;PR;40;40
CAMPUS  - PONTA GROSSA - CENTRO;658754;Ponta Grossa;PR;21;52
FACULDADES INTEGRADAS DE SERGIPE - FISE;1046710;Tobias Barreto;SE;60;40
CAMPUS DOM LUÍS;1107711;Fortaleza;CE;10;10
UNIDADE INDEPENDÊNCIA;28218;Ribeirão Preto;SP;10;2
CAMPUS  - TERESINA - JOQUEI CLUBE;658683;Teresina;PI;48;0
UNIDADE SHOPPING;1082224;Guarabira;PB;20;30
CAMPUS  - ANANINDEUA - CENTRO;659374;Ananindeua;PA;30;10
SEDE: RUA DESEMBARGADOR WESTPHALEM 60 OFICINAS;1065889;Ponta Grossa;PR;12;0
SO JOSÉ DOS CAMPOS (SEDE);2000174;São José dos Campos;SP;10;2
CAMPUS  - TERESINA - PIO XII;659315;Teresina;PI;60;140
FACULDADE ANHANGUERA DE BRASLIA;659044;Brasília;DF;40;60
CAMPUS REITOR REZENDE RIBEIRO DE REZENDE;1037563;Brasília;DF;32;0
SULACAP;1052178;Rio de Janeiro;RJ;60;90
CLARETIANO - CENTRO UNIVERSITÁRIO;658817;Rio Claro;SP;12;0
CARLOS HUGO WOLFF VON GRAFFEN;658561;Telêmaco Borba;PR;15;8
SEDE - UNIVERSIDADE CATÓLICA DO SALVADOR;2758;Salvador;BA;16;0
Faculdades Integradas Barros Melo;659839;Olinda;PE;36;20
CAMPINAS - VILA INDUSTRIAL;659396;Campinas;SP;30;70
SO JOSÉ DOS CAMPOS;372;São José dos Campos;SP;46;69
FACULDADE ANHANGUERA DE TAGUATINGA;1039919;Brasília;DF;20;30
CAMPUS ESTÂNCIA;518;Estância;SE;10;0
CAMPUS CAPIM MACIO;701230;Natal;RN;32;58
CAMPUS ARNOLDO SCHNEIDER;1038159;Horizontina;RS;4;0
CAMPUS GUILHERME ROCHA;1055273;Fortaleza;CE;20;30
PARANGABA;1059665;Fortaleza;CE;20;60
CAMPUS IX - SANTA CRUZ;1106831;Rio de Janeiro;RJ;10;90
Unirb Barreiras;1069822;Barreiras;BA;40;60
CAMPUS NATAL - UNIDADE ROBERTO FREIRE;3475;Natal;RN;80;0
NOVA SEDE UNI-BAN;1105209;São Paulo;SP;10;30
CAMPUS São Luis;660092;Montes Claros;MG;10;15
UNIVERSIDADE CIDADE DE SO PAULO - UNICID - SEDE;1002328;São Paulo;SP;60;0
UNIDADE SEDE - CHÁCARA FLORA;3507;São Paulo;SP;42;0
UNIDADE  - SANTO ÂNGELO - CENTRO SUL;688777;Santo Ângelo;RS;16;0
UNIDADE CENTRO;1073385;Sorocaba;SP;24;36
CAMPUS FAPA;1070052;Porto Alegre;RS;36;0
BAURU I;9529;Bauru;SP;46;69
CAMPUS - RIO BRANCO - JARDIM PRIMAVERA;695587;Rio Branco;AC;20;0
CAMPUS ANANINDEUA;4015;Ananindeua;PA;30;0
CAMPUS III - BONSUCESSO;1043095;Rio de Janeiro;RJ;10;90
FP;1096065;Cuiabá;MT;20;5
CAMPUS BARAO DO RIO BRANCO;1004998;Petrópolis;RJ;20;0
FACULDADE ANHANGUERA DE INDAIATUBA;659668;Indaiatuba;SP;30;70
CAMPUS  - RONDONÓPOLIS - CIDADE SALMEM;658100;Rondonópolis;MT;36;54
FMU - BRIGADEIRO - PRÉDIOS 32/39/43/44;1055408;São Paulo;SP;5;5
ITUVERAVA;657894;Ituverava;SP;10;30
UNIDADE MITAI;1066349;Ponta Grossa;PR;15;0
Sede;1046564;Caruaru;PE;36;0
FACULDADE DA SERRA GAÚCHA DE BENTO GONÇALVES - SEDE;1080005;Bento Gonçalves;RS;24;0
CAMPUS  - OLINDA - BAIRRO NOVO;688979;Olinda;PE;5;5
CAMPUS IESF;147992;Paço do Lumiar;MA;80;20
TERESÓPOLIS;1106109;Teresópolis;RJ;16;24
JARAGUÁ DO SUL;1081354;Jaraguá do Sul;SC;5;0
BARRA DA TIJUCA - TOM JOBIM;448;Rio de Janeiro;RJ;12;28
TV MORENA;658140;Campo Grande;MS;40;60
CAMPUS  - SOROCABA - ITANGU;659894;Sorocaba;SP;30;45
FACULDADE ANHANGUERA DE SOROCABA;1057193;Sorocaba;SP;60;90
UNIDADE Acadêmica;1081540;Ourilândia do Norte;PA;3;7
CAMPUS  - CAMPINA GRANDE - ITARARÉ;659109;Campina Grande;PB;40;50
CAMPUS  - TOLEDO - JARDIM COOPAGRO;658620;Toledo;PR;58;30
UNIS - CIDADE UNIVERSITÁRIA;1060817;Varginha;MG;5;0
UNIDADE SEDE - RIVERSIDE;1042301;Teresina;PI;10;0
UNIDADE SEDE (CAMPUS PRINCIPAL);140684;Passo Fundo;RS;20;0
FACULDADE DE FILOSOFIA CIÊNCIAS E LETRAS DE CAJAZEIRAS/FAFIC;658240;Cajazeiras;PB;20;10
CAMPUS DE FREDERICO WESTPHALEN;225;Frederico Westphalen;RS;16;0
UNIRB TERESINA;1093100;Teresina;PI;30;70
UNIDADE MANGUINHOS;1037949;Serra;ES;10;0
CAMPUS  - CASCAVEL - LOTEAMENTO FAG;658414;Cascavel;PR;6;30
UNIDADE GALERIA LUZA;1094323;Porto Alegre;RS;80;0
FACULDADE JK BRASÍLIA - UNIDADE SAMAMBAIA;1057385;Brasília;DF;60;140
CAMPUS  - ROLÂNDIA - JARDIM HORÁCIO CABRAL;657890;Rolândia;PR;20;50
CAMPUS XI - TATUAPÉ;695414;São Paulo;SP;46;69
CAMPUS LONDRINA;1496;Londrina;PR;4;0
CAMPUS  - ICÓ - CENTRO;658956;Icó;CE;35;35
CAMPUS PIRACICABA;1081876;Piracicaba;SP;10;0
Campus Unatec Barreiro;4231;Belo Horizonte;MG;18;0
CAMPUS  - LIMEIRA - JARDIM MARIA BUSHI MODENEIS;102283;Limeira;SP;36;84
CAMPUS  - MACEIÓ - CRUZ DAS ALMAS;659862;Maceió;AL;50;0
MACAPÁ - SEAMA;658606;Macapá;AP;20;30
CAMPUS UNIVERSITÁRIO DE VACARIA;586;Vacaria;RS;12;0
CAMPUS - PITANGA - CANTU;659225;Pitanga;PR;40;0
UNIDADE  - IMPERATRIZ - NOVA IMPERATRIZ;699690;Imperatriz;MA;40;10
UNIPROJEÇO - CAMPUS TAGUATINGA;658563;Brasília;DF;20;20
CAMPUS  - NOVA IGUAÇU - JARDIM NOVA ERA;657839;Nova Iguaçu;RJ;10;0
Campus II;1069563;Araguaína;TO;20;5
Bom Despacho;1050080;Bom Despacho;MG;36;0
CAMPUS JOSÉ EDGAR DA MOTA FREITAS;1056473;Aracaju;SE;20;30
MACAPÁ;659119;Macapá;AP;40;60
SANTA CRUZ;1079857;Rio de Janeiro;RJ;7;23
CAMPUS I;657864;São Paulo;SP;15;0
UNIDADE Educacional na Sede (Unid. 3);6168;São Paulo;SP;4;1
SEDE ATUAL;1683;Limeira;SP;15;5
CAMPUS - SANTA RITA DO SAPUCAÍ - JARDIM SANTO ANTÔNIO;657760;Santa Rita do Sapucaí;MG;15;0
CAMPUS NATAL - UNIDADE SALGADO FILHO;2445;Natal;RN;12;0
CAMPUS ZONA SUL;657900;Porto Alegre;RS;20;0
UNIDADE SEDE (JARDIM GRIMALDI);659212;Valença;BA;25;75
Campus Guajajaras;1046873;Belo Horizonte;MG;48;0
CAMPUS CONSELHEIRO ESTELITA;658918;Fortaleza;CE;30;20
FAI - CAMPUS II;600114;Adamantina;SP;15;0
IMPERATRIZ - RESIDENCIAL JK;658711;Imperatriz;MA;25;75
CIANORTE;474;Cianorte;PR;32;10
UNIDADE Amazonas;1043210;Montes Claros;MG;32;48
UNIDADE - OESTE;1047118;Brasília;DF;24;24
INSTITUTO DE EDUCAÇO SUPERIOR RAIMUNDO SÁ;659665;Picos;PI;30;0
FACULDADE UNIGRAN CAPITAL;1056379;Campo Grande;MS;41;40
UNIDADE LAGOA SECA;143900;Juazeiro do Norte;CE;85;85
FMU - LIBERDADE / PRÉDIO 10;706424;São Paulo;SP;35;35
UNIDADE ADHEMAR DE BARROS;23237;Salvador;BA;20;20
RIBEIRO PRETO (SEDE);692496;Ribeirão Preto;SP;1;0
ETEP ESPLANADA;660102;São José dos Campos;SP;20;20
UNIDADE I: UNORP - SEDE;658273;São José do Rio Preto;SP;4;0
CAMPINAS;1045316;Campinas;SP;35;35
CABO FRIO;1880;Cabo Frio;RJ;42;98
CAMPUS  - CASCAVEL - SANTA CRUZ;658167;Cascavel;PR;40;0
CAMPUS  - OLÍMPIA - VILA HÍPICA;693260;Olímpia;SP;13;1
CAMPUS SANEPAR;1061130;Paranavaí;PR;10;0
BELÉM;1000144;Belém;PA;15;35
FACULDADE DE IPORÁ;659303;Iporá;GO;15;35
BANDEIRANTES/PR;1896;Bandeirantes;PR;15;45
FACULDADE MAURÍCIO DE NASSAU DE JOO PESSOA;1054601;João Pessoa;PB;48;0
CAMPUS  - CURITIBA - CAMPO COMPRIDO;706037;Curitiba;PR;36;0
FACULDADE PIAUIENSE;131796;Parnaíba;PI;36;0
ARARAQUARA I;9512;Araraquara;SP;69;161
ITAQUERA;1107391;São Paulo;SP;11;34
ALEMANHA;1073258;São Luís;MA;36;0
UNIPROJEÇO- CAMPUS CEILÂNDIA;1104841;Brasília;DF;24;24
FACULDADE PIAGET;1046599;Suzano;SP;24;36
CAMPUS  - PAU DOS FERROS - JOO XXIII;133851;Pau dos Ferros;RN;32;10
FACULDADE DO SUL - UNIDADE II - SEDE;1047527;Itabuna;BA;40;60
CAMPUS ITAMAR FRANCO;1055149;Juiz de Fora;MG;5;0
CAMPUS DE SANTO ÂNGELO;226;Santo Ângelo;RS;12;5
UNIDADE BARREIRO;1063050;Belo Horizonte;MG;30;70
NOVA FRIBURGO;442;Nova Friburgo;RJ;15;35
CURITIBA;1047334;Curitiba;PR;45;105
PALMITAL;1063029;Chapecó;SC;40;20
UNIDADE DE ENSINO I;658468;Manaus;AM;33;0
FACULDADE DE CIÊNCIAS MÉDICAS DE SO JOSÉ DOS CAMPOS - HUMANITAS;1077831;São José dos Campos;SP;3;0
Campus II - Mantiqueira;1649;São João da Boa Vista;SP;18;0
FACULDADE CENECISTA DE VARGINHA;657994;Varginha;MG;21;0
UNIDADE  - TERESINA - SAO PEDRO;658275;Teresina;PI;40;40
UNIC - BEIRA RIO (SEDE);658099;Cuiabá;MT;13;33
CAMPUS  - LAURO DE FREITAS - CENTRO;658584;Lauro de Freitas;BA;60;90
FLORESTA;658541;Belo Horizonte;MG;15;15
CAMPUS COXIPO;1079636;Cuiabá;MT;15;20
CENTRO (CE);1071933;Fortaleza;CE;30;70
CAMPUS  - SALVADOR - COMÉRCIO;659553;Salvador;BA;40;60
PARNAÍBA SABIAZAL;1112643;Parnaíba;PI;30;70
DUNAS - CE;102260;Fortaleza;CE;20;0
CAMPUS  - CRISTALINA - CENTRO;658693;Cristalina;GO;15;10
FACULDADE LUCIANO FEIJO;1076740;Sobral;CE;97;98
ÁLVARO ALVIM;657997;São Paulo;SP;20;20
BLOCO 1;660079;Guarapuava;PR;32;0
CAMPUS  - APUCARANA - JARDIM FLAMINGOS;658404;Apucarana;PR;16;24
CAMPUS  - TATUÍ - VALINHO;659670;Tatuí;SP;10;0
R9 - TAQUARA;1814;Rio de Janeiro;RJ;30;70
Campus Florianópolis;1044661;Florianópolis;SC;40;0
BELÉM - BATISTA CAMPOS - TUPINAMBÁS;1042466;Belém;PA;12;38
UNIASSELVI BRUSQUE;1091105;Brusque;SC;8;0
CAMPUS CANOAS;541;Canoas;RS;6;0
SALVADOR - IMBUÍ - PARALELA II;1056556;Salvador;BA;40;60
UNIDADE GAMA;25918;Brasília;DF;28;0
ULBRA GUAÍBA;410;Guaíba;RS;40;0
Sede Parque Ecologico;3349;Fortaleza;CE;40;0
SEDE BATATAIS;657739;Batatais;SP;15;0
UNIFIC - ANEXO 01;1112201;Iguatu;CE;40;60
CAMPUS  - VITÓRIA DE SANTO ANTO - CAJA;691887;Vitória de Santo Antão;PE;10;5
FACULDADE UNIO DE CAMPO MOURO;1064668;Campo Mourão;PR;32;0
PRESIDENTE ITAMAR FRANCO;1061074;Juiz de Fora;MG;30;70
TERESINA;658165;Teresina;PI;15;35
PARQUE SHOPPING;1100494;Belém;PA;30;0
CAMPUS  - REALEZA - RODOVIA;658774;Realeza;PR;100;0
CAMPUS CENTRO;1073873;Foz do Iguaçu;PR;27;0
CAMPUS LIBERDADE;3889;Belo Horizonte;MG;20;0
FACULDADE CAPIXABA DA SERRA;1059506;Serra;ES;4;0
CAMPUS BARRA MANSA;657945;Barra Mansa;RJ;5;0
CAMPUS 3;1080027;Guaraí;TO;20;0
DOURADOS;658024;Dourados;MS;128;25
FACULDADE ANHANGUERA DE ANPOLIS;660088;Anápolis;GO;20;30
CAMPUS  - MONTES CLAROS - JK;699323;Montes Claros;MG;40;60
CAMPUS GEN;2531;Taubaté;SP;12;0
CAMPUS  - ALFENAS - CAMPUS UNIVERSITÁRIO;657689;Alfenas;MG;15;0
FACULDADE ANHANGUERA DE SUMARÉ;106297;Sumaré;SP;15;35
UNIDADE Aquarela das Artes;1115294;Sinop;MT;80;80
FACULDADE DO MACIÇO DO BATURITÉ;1058702;Baturité;CE;30;30
CAMPUS  - GETÚLIO VARGAS - CHAMPAGNAT;659460;Getúlio Vargas;RS;1;0
POLO SP_LIBERDADE;2788;São Paulo;SP;60;0
SANTANA;658133;Araçatuba;SP;16;0
UNIRB ARACAJU;1063015;Aracaju;SE;15;35
CAMPUS - CAPIM GROSSO - LOTEAMENTO POUSADA DAS MANGUEIRAS;659280;Capim Grosso;BA;30;0
Porangatu-Setor Leste;659874;Porangatu;GO;20;30
CAMPUS  - OURINHOS - ÁGUA DO CATETO;700564;Ourinhos;SP;12;0
ULBRA CACHOEIRA DO SUL;406;Cachoeira do Sul;RS;40;0
POLO SEDE - UNIDADE VI;705097;Manaus;AM;20;0
Campus Seminário - UNIDADE Sede;658428;Ubá;MG;32;0
SEDE - FCMA;1085020;Barra do Corda;MA;15;0
CENTRO (RS);1585;Porto Alegre;RS;30;70
FACULDADE ANHANGUERA DE JUNDIA;658459;Jundiaí;SP;15;45
UNIDADE Acadêmica Antônio Bezerra;1043549;Fortaleza;CE;60;140
UNIDADE CAMPUS;707034;Campo Mourão;PR;12;0
CAMPUS I - CACHOEIRO DE ITAPEMIRIM;1086805;Cachoeiro de Itapemirim;ES;4;0
UNIDADE MANSUR;6753;Curitiba;PR;15;0
POLO SP_ANALIA FRANCO;1543;São Paulo;SP;90;0
BARBACENA - CAMPUS I - CAMPUS MAGNUS;399;Barbacena;MG;3;0
CAMPUS  - ITU - CENTRO;658285;Itu;SP;24;0
NEAD CAMPUS VIRTUAL FACCAMP;701928;Campo Limpo Paulista;SP;3;0
FBT - Sergipe;1063559;Aracaju;SE;22;53
BRASILIA I;374;Brasília;DF;34;81
CARUARU - INDIANÓPOLIS;658755;Caruaru;PE;12;38
CAMPUS  - CORONEL FABRICIANO - UNIVERSITÁRIO;658146;Coronel Fabriciano;MG;30;0
CAMPUS - BAGÉ - CENTRO;657827;Bagé;RS;12;28
UNIDADE MARCO ZERO;659688;Macapá;AP;20;30
ITPAC - PORTO NACIONAL;1054150;Porto Nacional;TO;24;0
FACULDADE DE CIÊNCIAS DA SAÚDE DR. JOSÉ ANTÔNIO GARCIA COUTINHO;1050115;Pouso Alegre;MG;3;0
CAMPUS  - AMPARO - MARTÍRIO;658330;Amparo;SP;30;0
FORTALEZA DAMAS;1110892;Fortaleza;CE;24;56
CAMPUS  - PASSO FUNDO - PETRÓPOLIS;659891;Passo Fundo;RS;1;0
CAMPUS  - ITUIUTABA - UNIVERSITÁRIO;657940;Ituiutaba;MG;24;56
MACAÉ;1968;Macaé;RJ;36;84
CAMPUS  - BAURU - JARDIM FERRAZ;699048;Bauru;SP;48;5
UNIDADE PLANO PILOTO - ASA SUL;692110;Brasília;DF;84;126
FACULDADE DE QUIXERAMOBIM - UNIQ;1058965;Quixeramobim;CE;40;0
CAMPUS  - JACIARA - CENTRO;658108;Jaciara;MT;21;49
GOIÂNIA (SEDE);690864;Goiânia;GO;18;0
CAMPUS  - ITAPEVA - PILO D'ÁGUA;131945;Itapeva;SP;25;25
NOVA SEDE - AVENIDA NOVE DE JULHO 2290 JARDIM AMÉRICA;1107241;Ribeirão Preto;SP;13;1
FACULDADE SERRA DA MESA;707599;Uruaçu;GO;8;0
Módulo II;1105662;Jequié;BA;24;24
UNIDADE DIREITO;28216;Ribeirão Preto;SP;10;2
CAMPUS JABOTIANA;1487;Aracaju;SE;40;40
FACULDADE NORTE CAPIXABA DE SO MATEUS;146404;São Mateus;ES;4;0
UNIDADE II - FLORIANO PEIXOTO;1048259;Rondonópolis;MT;18;42
CAMPUS BARO DO RIO BRANCO - PETRÓPOLIS/RJ;657924;Petrópolis;RJ;15;0
CAMPUS I - SO GONÇALO;658015;São Gonçalo;RJ;70;100
UNICEUB - CAMPUS TAGUATINGA II;1071952;Brasília;DF;30;0
FMU - LIBERDADE;657863;São Paulo;SP;35;35
ANEXO 3;1049225;Manaus;AM;48;0
UNIDADE BARRA DA TIJUCA/CAMPUS II - RIO DE JANEIRO;3061;Rio de Janeiro;RJ;10;0
CAMPUS IV - PROFESSOR ELIAS PASSOS TENÓRIO;2500004;Maceió;AL;48;10
CAMPUS  - ASSIS CHATEAUBRIAND - JARDIM PARANÁ;658116;Assis Chateaubriand;PR;15;0
UNIRB PIAUI SEDE;1093075;Teresina;PI;30;70
ITABIRA;658636;Itabira;MG;70;0
UNEOURO;141290;Ouro Preto do Oeste;RO;10;2
UNIDADE PALMEIRA;1076038;Campina Grande;PB;48;0
CAMPUS PADRE MIGUEL;1073412;Rio de Janeiro;RJ;12;5
CAMPUS III - COMPLEXO EDUC. PE TEÓFANES BARROS (R. IRIS ALAGOENSE 437);687588;Maceió;AL;45;10
PUCPR - CAMPUS CURITIBA;657676;Curitiba;PR;6;0
ARARAQUARA;365;Araraquara;SP;69;161
FACULDADE GUARARAPES;1066459;Recife;PE;36;0
Faculdade Presidente Antônio Carlos de Governador Valadares;1049102;Governador Valadares;MG;40;0
CAMPUS  - ITAPERUNA - PRESIDENTE COSTA E SILVA;659215;Itaperuna;RJ;18;0
UNIDADE DE ENSINO XI;1033650;Manaus;AM;80;0
UNIDADE SEDE (UNIDADE);658611;São João del Rei;MG;30;0
CAMPUS BURITIS - UNIDADE SEDE;1000184;Belo Horizonte;MG;24;0
CENTRO DE ENSINO SUPERIOR DO VALE DO SO FRANCISCO;1046638;Belém de São Francisco;PE;25;20
CAMPUS I - MAMORÉ (UNIDADE SEDE);658721;Porto Velho;RO;30;0
UNIVÉRTIX PURYS;1076414;Três Rios;RJ;48;20
SEDE - PINDAMONHAMGABA;658009;Pindamonhangaba;SP;12;28
Sede Dom Luís;3281;Fortaleza;CE;48;0
CAMPUS  - RIO CLARO - CENTRO;658482;Rio Claro;SP;22;0
FACULDADE VERDE NORTE;659344;Mato Verde;MG;24;56
CAMPUS CATETE - RIO DE JANEIRO;704691;Rio de Janeiro;RJ;36;0
CAMPUS SEDE - MARACANAU;1068718;Maracanaú;CE;25;40
Campus Anita Garibaldi - Sede;692741;Joinville;SC;27;0
SOCIEDADE DE EDUCACAO N.S. AUXILIADORA LTDA;659130;Lages;SC;24;36
CAMPUS  - BLUMENAU - PONTA AGUDA;659673;Blumenau;SC;20;5
UNIDADE DE ENSINO DE AMERICANA - CAMPUS MARIA AUXILIADORA;658210;Americana;SP;3;0
FACULDADE INTERNACIONAL DA PARAÍBA;1049727;João Pessoa;PB;36;0
CAMPUS - BAGÉ;686541;Bagé;RS;25;60
CAMPUS  - PRESIDENTE VENCESLAU - JARDIM COROADOS;700481;Presidente Venceslau;SP;18;1
MILTON VIANNA FILHO;658466;Curitiba;PR;50;0
CENTRO UNIVERSITÁRIO DA FUNDAÇO EDUCACIONAL GUAXUPÉ;659655;Guaxupé;MG;12;0
CAMPUS  - CHAPECÓ - EFAPI;659387;Chapecó;SC;3;0
CAMPUS IGUATEMI;1052177;Salvador;BA;33;22
CAMPUS  - TRINDADE - SETOR LAGUNA PARQUE;659697;Trindade;GO;10;10
CACHOEIRO DE ITAPEMIRIM;1103398;Cachoeiro de Itapemirim;ES;4;0
CAMPUS  - SANTA MARIA - CENTRO;659254;Santa Maria;RS;22;30
RIBEIRANIA;658363;Ribeirão Preto;SP;3;0
FACULDADE DE TECNOLOGIA SENAC PALHOÇA;1061651;Palhoça;SC;5;0
UNIRB-BARREIRAS;1069815;Barreiras;BA;18;42
CAMPUS  - OSVALDO CRUZ - JARDIM DAS BANDEIRAS;658267;Osvaldo Cruz;SP;20;0
CAMPUS BARO RIO BRANCO;1097857;Imperatriz;MA;24;36
VILA MARIA;657833;São Paulo;SP;265;265
UNIDADE TECNOLOGIA E GASTRONOMIA;28217;Ribeirão Preto;SP;10;2
CAMPUS AVENIDA IGUAÇU;1095611;Curitiba;PR;4;0
CAMPUS  - PALMAS - CENTRO;658233;Palmas;TO;30;70
ARENA CORINTHIANS;1109042;São Paulo;SP;5;0
UNIDADE SEDE: AVENIDA SANTA MÔNICA 450 VILA FRANCA;1065896;Londrina;PR;12;0
CAMPUS GETÚLIO VARGAS;7952;Feira de Santana;BA;21;0
CAMPUS  - SALVADOR - BARRIS;691252;Salvador;BA;40;10
CENTRO UNIVERSITÁRIO DE FORMIGA - UNIFOR/MG;659694;Formiga;MG;15;21
Faculdade Metropolitana de Paragominas - METROPOLITANA;1059519;Paragominas;PA;10;15
FATESG - RUA 227-A;659760;Goiânia;GO;20;30
CAMPUS  - SINOP - RESIDENCIAL FLORENCIA;659964;Sinop;MT;30;30
ASA SUL;1006023;Brasília;DF;30;10
CAMPUS ARAÇATUBA;3877;Araçatuba;SP;2;0
FACULDADES INTEGRADAS VIANNA JÚNIOR;659908;Juiz de Fora;MG;2;3
UNIDADE ANTONIO CARLOS;1006546;Belo Horizonte;MG;36;54
UNIRB-ARACAJU;1062824;Aracaju;SE;15;35
FACULDADE DE INTEGRAÇO DO SERTO - FIS;1048639;Serra Talhada;PE;20;0
RIBEIRO PRETO I;368;Ribeirão Preto;SP;69;161
FACULDADE ANHANGUERA DE VALINHOS;659563;Valinhos;SP;30;70
ADRIANÓPOLIS I;658438;Manaus;AM;48;72
UNIFENAS CAMPUS DIVINÓPOLIS;610;Divinópolis;MG;24;0
MATO GROSSO;1060664;Campo Grande;MS;30;70
CAMPUS - BARREIRAS;658332;Barreiras;BA;40;0
ASSIS I;9522;Assis;SP;64;96
CAMPUS  - RIO BRANCO - JARDIM EUROPA;658996;Rio Branco;AC;30;0
UNIDADE ACADÊMICA II;626;Caratinga;MG;23;0
ULBRA GRAVATAÍ;688663;Gravataí;RS;30;0
CAMPUS  - SANTA BRBARA DÂ¿OESTE - 2Âº DISTRITO INDUSTRIAL;659772;Santa Bárbara d¿Oeste;SP;52;158
CAMPUS CIDADE NOBRE;1077762;Ipatinga;MG;45;105
CAMPUS SANTA BÁRBARA D'OESTE;1033689;Santa Bárbara d¿Oeste;SP;24;0
Campus Cabo Frio;1053076;Cabo Frio;RJ;60;18
FACULDADE CATÓLICA PAULISTA -;1076069;Marília;SP;49;42
CAMPUS  - MEDIANEIRA - CENTRO;658591;Medianeira;PR;2;0
FACULDADE SENAC CRICIÚMA;1077944;Criciúma;SC;1;0
Campus Ijuí II;657956;Ijuí;RS;10;0
FORTALEZA;696081;Fortaleza;CE;15;15
CENTRO UNIVERSITÁRIO LEONARDO DA VINCI;1093461;Indaial;SC;8;0
CAMPUS  - ARACRUZ - CENTRO;658110;Aracruz;ES;18;15
CAMPUS DA JUTA;2540;Taubaté;SP;12;0
UNIDADE DESCENTRALIZADA DE CAMPOS DO JORDAO;2993;Campos do Jordão;SP;25;0
TOLEDO;471;Toledo;PR;32;3
UNIRB Feira de Santana;1075985;Feira de Santana;BA;30;70
FACULDADE CALAFIORI - CALAFIORI;658990;São Sebastião do Paraíso;MG;40;0
UNIDADE DE SAÚDE;4003;Fátima do Sul;MS;28;1
CAMPUS  - CAMPOS GERAIS - CENTRO;659139;Campos Gerais;MG;18;40
UNIDADE DE ENSINO DE LORENA - CAMPUS SO JOAQUIM;414;Lorena;SP;5;0
Campus Milton Vianna Filho;1118532;Curitiba;PR;5;0
CAMPUS  - TEIXEIRA DE FREITAS - BELA VISTA;659144;Teixeira de Freitas;BA;40;60
CAMPO GRANDE/MS - MATRIZ;706710;Campo Grande;MS;21;49
UNIDADE - Alegrete - Centro;600118;Alegrete;RS;18;42
CIDADE UNIVERSITÁRIA - UNIFEV;1045282;Votuporanga;SP;5;0
CAMPUS  - COLATINA - MARIA DAS GRAÇAS;658804;Colatina;ES;1;0
FACULDADE DE SORRISO;658894;Sorriso;MT;14;33
CAMPUS I - COMPLEXO EDUCACIONAL PROFESSOR EDUARDO ALMEIDA;657989;Maceió;AL;40;10
ANEXO PRÉDIO ENGENHARIAS E OFICINAS;1061341;Porto Alegre;RS;18;0
Agrupador Rua Coronel João Notini Nº 151 Centro - Divinópolis;659183;Divinópolis;MG;60;0
CAMPUS  - ARAPUTANGA - CENTRO;689210;Araputanga;MT;32;0
CENTRO DE ENSINO UNIFICADO DO PIAUÍ - CEUPI;1076416;Teresina;PI;15;15
CAMPUS  - ARCOVERDE - SO CRISTÓVO;659953;Arcoverde;PE;6;5
RUA DOM BOSCO Nº 1308 - NO FUNCIONA MAIS;658676;Recife;PE;12;38
CAMPUS  - APARECIDA DE GOIÂNIA - JARDIM DAS ESMERALDA;658590;Aparecida de Goiânia;GO;9;9
CAMPUS SEDE PRÓPRIA_WESTPHALEM;1080933;Ponta Grossa;PR;20;0
CAMPUS UMUARAMA (CENTRO) - SEDE;24877;Umuarama;PR;24;10
INSTITUIÇO DE ENSINO SUPERIOR - FANORTE;1076240;Cacoal;RO;5;0
CAMPUS  - ATIBAIA;703614;Atibaia;SP;4;0
CAMPUS BARRA - RIO DE JANEIRO (SEDE);1051323;Rio de Janeiro;RJ;30;0
CAMPUS PROMOTOR HELENILDO RIBEIRO;1073442;Palmeira dos Índios;AL;50;10
CAMPUS ANTONIO RODRIGUES COELHO;33661;Governador Valadares;MG;25;0
CAMPUS  - TIMON - PARQUE SO FRANCISCO;659469;Timon;MA;30;0
FACULDADE CNEC ITAJAÍ;1112200;Itajaí;SC;50;0
CAMPUS  - RIO DAS OSTRAS;1048375;Rio das Ostras;RJ;24;0
CAMPUS  - CACOAL - INCRA;101190;Cacoal;RO;4;0
SEDE - FACULDADE UNINTA ITAPIPOCA;1097297;Itapipoca;CE;15;35
UNIDADE SAGUAÇU;6791;Joinville;SC;25;0
CAMPUS COMERCIO;1112303;Salvador;BA;18;0
CAMPUS PILAR;1073282;Belo Horizonte;MG;20;20
CAMPUS  - CAMPOS DOS GOYTACAZES - CENTRO;703282;Campos dos Goytacazes;RJ;15;0
CENTRO UNIVERSITÁRIO CELSO LISBOA;687214;Rio de Janeiro;RJ;5;0
CAMPUS  - ALMENARA - SO PEDRO;659605;Almenara;MG;8;0
CAMPUS  - PATOS DE MINAS - CENTRO;659347;Patos de Minas;MG;15;35
CAMPUS  - FRANCISCO BELTRO - CENTRO;658551;Francisco Beltrão;PR;35;15
FACULDADE INTEGRADA CARAJÁS;1080012;Redenção;PA;75;75
FACULDADE DE EDUCAÇO E TECNOLOGIA DA AMAZÔNIA - FAM;1055378;Abaetetuba;PA;19;15
SO JOSÉ DO RIO PRETO I;371;São José do Rio Preto;SP;46;69
CAMPUS  - JARAGU DO SUL - VILA LALAU;659855;Jaraguá do Sul;SC;20;30
CAMPUS UNIVERSITÁRIO DE SANTANA DO LIVRAMENTO;746;Santana do Livramento;RS;12;28
CAMPUS TIMOTEO;1093427;Timóteo;MG;24;0
FACULDADE DOCTUM;1116430;Carangola;MG;10;0
JOO UCHOA;705998;Rio de Janeiro;RJ;28;42
CAMPUS  - VOLTA REDONDA - TRÊS POÇOS;657929;Volta Redonda;RJ;20;0
Dracena-Metrópole;692200;Dracena;SP;16;4
CAMPUS DEODORO;1067796;Natal;RN;20;30
CAMPUS 2;6815;Salvador;BA;12;38
FACULDADE SANTA TEREZINHA;658264;São Luís;MA;16;8
Campus Jaraguá Shopping;1096058;Jaraguá do Sul;SC;15;0
Campus - Palmas - Centro;659111;Palmas;TO;12;13
LIMEIRA;1573;Limeira;SP;69;161
CAMPUS ATERRADO;1001639;Volta Redonda;RJ;10;0
FAPEC;1070716;Jequié;BA;15;15
CAMPUS BARO DO CERRO AZUL;658719;Ponta Grossa;PR;20;0
UNIDADE 6 (ZONA LESTE);1095904;Manaus;AM;18;0
UNIRB;1057393;Salvador;BA;40;60
CUIABÁ 1 - MT (UNIC - BARO);1626;Cuiabá;MT;24;36
UNIDADE CAXANGÁ;32061;Recife;PE;20;0
CAMPUS  - GOIÂNIA - SETOR BUENO;658088;Goiânia;GO;45;105
SETOR BUENO;1113137;Goiânia;GO;54;126
UNIS - CAMPUS I;143236;Varginha;MG;5;0
UNIDADE CENTRAL IPA;659713;Porto Alegre;RS;32;0
CAMPUS  - JOO PESSOA - JARDIM MARIZÓPOLIS;693539;João Pessoa;PB;30;70
UNIDADE DE ENSINO DE AMERICANA - CAMPUS DOM BOSCO;2772;Americana;SP;5;0
ASSOCIAÇO LIMEIRENSE DE EDUCAÇO;1057062;Limeira;SP;56;20
CAMPUS  - BAGÉ - CENTRO;686539;Bagé;RS;16;39
FUNDAÇO EDUCACIONAL DR. RAUL BAUAB;658423;Jaú;SP;12;0
CAMPUS  - ANDRADINA - STELLA MARIS;658808;Andradina;SP;12;12
CAMPUS I - OLARIA;658280;Rio de Janeiro;RJ;10;90
CAMPUS  - RIO DO SUL - ITOUPAVA;659779;Rio do Sul;SC;13;0
UNIDADE SEDE AV. DOUTOR VICENTE MACHADO 585 - CENTRO. UNIDADE 2 PRAÇA BARAO DE GUARAUNA 29 - CENTRO. UNIDADE 3 RUA GENERAL CARNEIRO 1171 - CENTRO;1069116;Ponta Grossa;PR;24;0
SEMINÁRIO ARQUIDIOCESANO SANTO ANTONIO;3511;Juiz de Fora;MG;15;15
CAMPUS  - SANTARÉM - DIAMANTINO;698512;Santarém;PA;48;0
CAMPUS  - SANTA MARIA - MEDIANEIRA;659076;Santa Maria;RS;50;50
UNIDADE ACADÊMICA V;1053795;Araraquara;SP;10;0
FACULDADE CAPIXABA DE NOVA VENÉCIA;660100;Nova Venécia;ES;4;0
CAMPUS I SEDE;25802;Mogi das Cruzes;SP;25;0
UNIDADE  - PALMAS - ÁREA DE EXPANSO SUL;686979;Palmas;TO;60;0
FAMPER;1082344;Ampére;PR;1;1
Faculdade de Ciências Sociais Aplicadas;145597;Campina Grande;PB;16;14
unidade;1081236;Boa Vista;RR;48;0
CAMPUS;1055724;Parauapebas;PA;24;10
CAMPUS  - MATIPÓ - RETIRO;659949;Matipó;MG;36;0
CENTRO UNIVERSITÁRIO UDC;658448;Foz do Iguaçu;PR;2;0
CAMPOS DOS GOYTACAZES;428;Campos dos Goytacazes;RJ;36;54
BOA VIAGEM;1070473;Recife;PE;10;30
FACULDADE DO SUL DA BAHIA - CAMPUS II;23226;Teixeira de Freitas;BA;12;20
CAMPUS II - DR ALBERTO ANTUNES;2500002;Maceió;AL;48;10
FACULDADE DE ENSINO SUPERIOR E FORMAÇO INTEGRAL;1055349;Garça;SP;30;30
FSDB - UNIDADE LESTE;1055700;Manaus;AM;10;0
Campus Fazendinha;1078104;Paracatu;MG;30;0
SEDE ADMINISTRATIVA;1081467;Barreiras;BA;9;21
CASCAVEL;475;Cascavel;PR;32;8
CAMPUS DE TOLEDO;2068;Toledo;PR;8;0
CAMPUS  - CAMPO LIMPO PAULISTA - JARDIM AMÉRICA;658945;Campo Limpo Paulista;SP;2;0
ULBRA CARAZINHO;703734;Carazinho;RS;40;0
UNIDADE PERMANENTE DE ITAPERUNA;349;Itaperuna;RJ;30;0
ALEXANDRINO;659158;Natal;RN;15;35
CAMPUS  - FRUTAL - JARDIM LARANJEIRAS;659629;Frutal;MG;18;1
UNIVERSIDADE DO CEUMA - UNICEUMA - CAMPUS TURU;1074131;São Luís;MA;25;25
UNIDADE SEDE BR;1082494;Paranavaí;PR;15;0
FACULDADE CASA DO ESTUDANTE;1050147;Aracruz;ES;10;5
SEDE -CAMPUS  - BELO HORIZONTE - SANTO AGOSTINHO;658667;Belo Horizonte;MG;50;0
CAMPUS  - CUIABÁ - CENTRO;706903;Cuiabá;MT;30;50
UNIDADE SILVA LOBO;24367;Belo Horizonte;MG;30;70
JAÚ;1082293;Jaú;SP;13;0
FACULDADE PRESIDENTE ANTÔNIO CARLOS DE BAEPENDI;1093392;Baependi;MG;2;0
Faculdade Guaraí;659464;Guaraí;TO;20;0
CAMPUS CIÊNCIAS SOCIAIS E LETRAS;2542;Taubaté;SP;16;0
CAMPUS UNEC DE NANUQUE;4346;Nanuque;MG;48;0
UNESC-FAEC-PVH;1077984;Porto Velho;RO;2;0
UNIDADE ADMINISTRATIVA E EDUCACIONAL;1048213;Tangará da Serra;MT;27;63
CAMPUS  - TUP - CENTRO;657814;Tupã;SP;22;1
CAMPUS DE ERECHIM;224;Erechim;RS;20;5
UNIDADE Sede;658626;Blumenau;SC;40;0
FACULDADE PITÁGORAS DE JUIZ DE FORA;1106889;Juiz de Fora;MG;30;70
FETAC;1063358;Caarapó;MS;15;35
Centro Universitário Belas Artes de São Paulo - Campus Votorantim;1081212;Votorantim;SP;2;1
FACULDADE CAPIVARI - NOVA SEDE;658871;Capivari de Baixo;SC;5;1
GOIANIA I;9543;Goiânia;GO;28;87
CAMPUS  - PIRACICABA - CIDADE ALTA;659777;Piracicaba;SP;30;0
VOLTA REDONDA;1061171;Volta Redonda;RJ;24;56
CAMPUS  - AGUDOS;100073;Agudos;SP;10;10
CENTRO UNIVERSITÁRIO ESPÍRITO-SANTENSE/FAESA;133433;Vitória;ES;50;50
SOGIPA PORTO ALEGRE;1068229;Porto Alegre;RS;30;10
BARRA III - VARGEM PEQUENA;430;Rio de Janeiro;RJ;112;168
ULBRA SANTA MARIA;1779;Santa Maria;RS;30;0
UNIDADE CARLOS GOMES - PAP CURITIBA 01;1040075;Curitiba;PR;50;0
CAMPUS  - MACAPÁ - CENTRO;659166;Macapá;AP;15;0
FAROL;1068075;Maceió;AL;36;0
UNIDADE II - Centro de Ciências Agrárias e Ambientais;8546;Palmas;TO;15;12
CAMPUS MORUMBI;2508;São Paulo;SP;48;0
FACULDADE DE CIÊNCIAS MÉDICAS AGGEU MAGALHES;1065371;Serra Talhada;PE;35;40
FAMEBLU - CAMPUS II;1042049;Blumenau;SC;21;0
RIO PRETO;1059663;São José do Rio Preto;SP;20;30
PORTO VELHO;1070693;Porto Velho;RO;20;0
LIMEIRA I;600211;Limeira;SP;46;69
CAMPUS DE SANTIAGO;227;Santiago;RS;12;10
FARESE;1071679;Santa Maria de Jetibá;ES;10;0
CAMPUS CASTELO;657753;Rio de Janeiro;RJ;7;5
UNIDADE Delta;1057273;Uberlândia;MG;20;0
UNIDADE  - HORTOLÂNDIA - JARDIM AMANDA I;658150;Hortolândia;SP;18;1
Campus Jacobina;1106100;Jacobina;BA;50;0
FACULDADE DOM BOSCO DE PORTO ALEGRE;658983;Porto Alegre;RS;10;5
NITERÓI II;1052443;Niterói;RJ;12;18
UNIDADE VILA A;1056951;Foz do Iguaçu;PR;6;0
CAMPUS I - AV. SO JOSÉ 400 - VILA SO VICENTE - PENÁPOLIS - CEP 16303-180;685895;Penápolis;SP;30;70
UNIDADE SEDE POLO DE APOIO PRESENCIAL;659186;Londrina;PR;18;0
LONDRINA/PR - PIZA;1000701;Londrina;PR;30;30
Faculdade Presidente Antônio Carlos de Uberlândia - 1050142;1050142;Uberlândia;MG;20;0
CAMPUS  - PETROLINA - VILA EDUARDO;658034;Petrolina;PE;30;70
FACULDADES INTEGRADAS BRASILEIRAS;658569;Boituva;SP;43;1
CAMPUS NATAL - UNIDADE NASCIMENTO DE CASTRO;658051;Natal;RN;150;0
UNIDADE DAVID MUFFATTO;1051166;Foz do Iguaçu;PR;2;0
Campus Santa Rosa;597;Santa Rosa;RS;10;0
UNIDADE CEI;1108410;Juazeiro do Norte;CE;25;0
CAMPUS  - LAVRAS - KENEDDY;690337;Lavras;MG;3;0
CAMPUS  - PENEDO - CENTRO;659774;Penedo;AL;15;5
CAMPUS  - SERTOZINHO - JARDIM SO JOSÉ;658500;Sertãozinho;SP;40;60
VENDA NOVA II;1058919;Belo Horizonte;MG;30;70
UNIDADE  - VITÓRIA - BOA VISTA;659125;Vitória;ES;25;0
CENTRO (GO);659181;Goiânia;GO;50;50
FACULDADE DE SO LOURENÇO;658122;São Lourenço;MG;15;0
UNIDADE  - TANGARÁ DA SERRA - VILA ALTA;658748;Tangará da Serra;MT;15;35
CAMPUS  - BOA VISTA - CAÇARI;660081;Boa Vista;RR;32;8
Campus;1065688;Boa Vista;RR;48;0
UNIDADE CAMPUS - IMÓVEL PRÓPRIO;1048049;Remanso;BA;9;9
FACULDADE MARECHAL RONDON;1113695;Vilhena;RO;5;45
CAMPUS  - MONTES CLAROS - MELO;659494;Montes Claros;MG;15;0
Campus Araguaína;702329;Araguaína;TO;5;0
JOO PESSOA-IDEZ;659754;João Pessoa;PB;30;45
CAMPUS  - JUIZ DE FORA - GRANBERY;658352;Juiz de Fora;MG;45;0
CAMPO GRANDE - UNIDERP III;660;Campo Grande;MS;28;42
CAMPUS  - ILHA SOLTEIRA - CENTRO;693741;Ilha Solteira;SP;58;1
FACULDADE FIGUEIREDO COSTA - FIC;1055274;Maceió;AL;36;84
CAMPUS  - LEME - CIDADE JARDIM;658217;Leme;SP;12;28
CAMPUS PROFESSOR BARROS;6999;Salvador;BA;50;0
ARTES E ARQUITETURA;685576;Caxias do Sul;RS;10;0
CAMPUS - JANAÚBA - CENTRO;659149;Janaúba;MG;32;0
CAMPUS DE CERRO LARGO;229;Cerro Largo;RS;12;10
FRANCISCO BELTRO;476;Francisco Beltrão;PR;32;8
CAMPUS  - SO PAULO - BARRA FUNDA;658732;São Paulo;SP;20;0
FACULDADE VALE DO GORUTUBA;139055;Nova Porteirinha;MG;20;30
UNIDADE AEROPORTO - ICESP;1090474;Brasília;DF;40;60
CENTRO UNIVERSITRIO ATENEU SEDE;659178;Fortaleza;CE;24;36
CAMPUS  - POUSO ALEGRE - CENTRO;657763;Pouso Alegre;MG;40;0
CAMPUS ODONTO;2543;Taubaté;SP;30;0
BARRA I - IBMEC;1056587;Rio de Janeiro;RJ;50;50
CAMPUS ACADEMIA DE COMÉRCIO;657841;Juiz de Fora;MG;20;20
TRÊS CORAÇÕES;657687;Três Corações;MG;15;35
UNIDADE RURAL;2292;Brasília;DF;36;84
UNIDADE DE ENSINO III;691754;Manaus;AM;150;0
ANEXO;1103541;Teófilo Otoni;MG;25;0
CAMPUS  - BARRA DO GAR¿AS - CIDADE UNIVERSITRIA;658900;Barra do Garças;MT;57;0
GOMES BARBOSA;1050737;Viçosa;MG;8;0
GUARUJÁ;692522;Guarujá;SP;2;0
CENTRO DE EDUCAÇO E INOVAÇO TÉCNICO PROFISSIONAL LTADA - CEITEP;1075970;Maringá;PR;30;30
PARANAVAÍ;473;Paranavaí;PR;40;3
ULBRA TORRES;412;Torres;RS;32;0
CAMPUS  - PIRACICABA - TAQUARAL;657810;Piracicaba;SP;20;0
CAMPUS TANCREDO NEVES;696292;Salvador;BA;45;0
ARAPONGAS/PR;272;Arapongas;PR;24;36
UNIDADE  - PIRACICABA;698327;Piracicaba;SP;5;0
FACULDADE SUL-AMERICANA;658788;Goiânia;GO;15;5
CAMPUS  - SO SEBASTIO DO PARAÍSO - LAGOINHA;660094;São Sebastião do Paraíso;MG;21;5
CRISTIANO MACHADO;1109171;Belo Horizonte;MG;11;0
CAMPUS BOM CONSELHO;2534;Taubaté;SP;12;0
CAMPUS AMPARO;1047532;Amparo;SP;30;0
JABOATO DOS GUARARAPES;1082343;Jaboatão dos Guararapes;PE;9;0
BATISTA CAMPOS;1073875;Belém;PA;30;70
METROPOLITANA - NOVA SEDE;1095665;Marabá;PA;7;18
UNIDADE  - PRIMAVERA DO LESTE - JARDIM RIVA;659364;Primavera do Leste;MT;36;84
MOSSORÓ-SANTO ANTÔNIO;659950;Mossoró;RN;20;20
Santo Antônio;1065360;Catalão;GO;30;0
SENAC SAÚDE E BELEZA;1054487;Florianópolis;SC;1;0
AMAMBAÍ - MS;658319;Amambaí;MS;28;1
UNIDADE- SO MATEUS- UNIVERSITÁRIO;1075987;São Mateus;ES;15;0
UNIDADE ACADÊMICA I;35253;Caratinga;MG;48;0
CAMPUS 2 - CATOLÉ;1104977;Campina Grande;PB;32;48
ARACATUBA I;9513;Araçatuba;SP;46;69
CAMPUS II UNIDADE ERECHIM - DEMOLINER;600037;Erechim;RS;15;5
OLINDA-BAIRRO NOVO;1093640;Olinda;PE;20;0
FACULDADE IBIPABA;1072702;Tianguá;CE;20;20
JUAZEIRO DO NORTE;658571;Juazeiro do Norte;CE;5;0
UDC MONJOLO;1066310;Foz do Iguaçu;PR;3;0
JUIZ DE FORA;2463;Juiz de Fora;MG;50;80
NOSSA SENHORA DO CARMO;1063658;Recife;PE;20;0
FACULDADE DOM ALBERTO;659263;Santa Cruz do Sul;RS;50;0
CAMPUS AGRONOMIA;2532;Taubaté;SP;12;0
FISMA UNIDADE I;1067092;Santa Maria;RS;40;20
CAMPUS  - IPATINGA - IGUAÇU;658866;Ipatinga;MG;10;0
Campus - Federação;2760;Salvador;BA;24;0
SEDE SERRARIA;1108091;Maceió;AL;50;50
FACULDADE BARRETOS;1045555;Barretos;SP;25;5
CAMPUS BACACHERI;451;Curitiba;PR;15;10
SANTA MARIA DA VITÓRIA-LOTEAMENTO DO PARQUE DE EXPOSIÇO;660077;Santa Maria da Vitória;BA;10;0
CAMPUS UNIVERSITÁRIO;658868;Muriaé;MG;15;15
CAMPUS  - CUIABÁ - JARDIM EUROPA;658338;Cuiabá;MT;54;126
NOVA SEDE;1108076;Juazeiro;BA;40;60
CESMAC AGRESTE;1110692;Arapiraca;AL;72;10
FAI - ADAMANTINA-SP - CAMPUS I;658378;Adamantina;SP;18;0
CAMPUS SEDE PRÓPRIA_ITAJUBÁ;1080852;Curitiba;PR;30;0
CAMPUS  - RIO DE JANEIRO - CENTRO;658177;Rio de Janeiro;RJ;40;10
FAZENDA ESCOLA;1058565;Ponta Grossa;PR;5;0
FACULDADE BRASILEIRA DE CACHOEIRO;1103017;Cachoeiro de Itapemirim;ES;4;0
UNIDADE CENTRAL;657741;Ribeirão Preto;SP;10;2
CAMPUS - CAMPO GRANDE - AMAMBAÍ;659864;Campo Grande;MS;16;0
CAMPUS VIII - CAMPO GRANDE;1106834;Rio de Janeiro;RJ;10;90
JOSÉ SANTILLI SOBRINHO;688038;Assis;SP;10;0
CASTANHAL;659967;Castanhal;PA;20;20
FACULDADE METROPOLITANA DE PARAUAPEBAS;1059278;Parauapebas;PA;10;15
JUAZEIRO;1089994;Juazeiro;BA;13;0
FACULDADE DE TECNOLOGIA SENAI DOURADOS;1069531;Dourados;MS;10;0
CAMPUS II - REITORIA;1049953;Santa Fé do Sul;SP;15;0
CAÇADOR;1048576;Caçador;SC;15;0
CORUMBÁ - MS;1105135;Corumbá;MS;12;0
CAMPUS SEDE - UBERABA - 657746X;657746;Uberaba;MG;6;0
FACULDADES EST;658439;São Leopoldo;RS;30;0
FACULDADE ALENCARINA DE SOBRAL;1099300;Sobral;CE;96;144
Campus Principal / FAHESP- Faculdade de Ciências Humanas Exatas e da Saúde do Piauí;1058212;Parnaíba;PI;2;0
UNIC - BEIRA RIO II (UNIRONDON);1077974;Cuiabá;MT;43;44
CAMPUS RIO VERMELHO;1055878;Salvador;BA;26;0
CAMPUS SO JOSÉ DOS CAMPOS;1082291;São José dos Campos;SP;14;0
Campus III - IPATINGA;1000;Ipatinga;MG;60;0
ALAGOINHAS;1089995;Alagoinhas;BA;16;0
CAMPUS  - PO DE AÇÚCAR;659252;Pão de Açúcar;AL;15;25
GOIANIA;534;Goiânia;GO;30;80
CAMPUS FATENC;1061289;Catalão;GO;36;84
UNIDADE IV;1037253;Araraquara;SP;10;0
AV. SO PAULO 1740;1043345;Maringá;PR;48;0
CAMPUS  - VÁRZEA GRANDE - IPASE;659293;Várzea Grande;MT;30;90
Sorocaba - Campus Sorocaba;1793;Sorocaba;SP;5;0
CAMPUS  - PORTO VELHO - 3 MARIAS;658545;Porto Velho;RO;30;0
